id,first_name,last_name,email,gender,phone
1,Bidget,Mirfield,bmirfield0@scientificamerican.com,Female,5628618353
2,Gonzalo,Vango,gvango1@ning.com,Male,9556535457
3,Rock,Pampling,rpampling2@guardian.co.uk,Bigender,4472741337
4,Dorella,Edelman,dedelman3@histats.com,Female,4303062344
5,Faber,Thwaite,fthwaite4@google.co.jp,Genderqueer,1348658809
6,Debee,Philcott,dphilcott5@cafepress.com,Female,7906881842
7,Guendolen,Methuen,gmethuen6@yellowpages.com,Female,7934481697
8,Fredra,Dowty,fdowty7@fema.gov,Female,6813510934
9,Onfroi,Landy,olandy8@cdbaby.com,Male,7723271304
10,Karyn,Dash,kdash9@smugmug.com,Female,7855476206
11,Klement,Borthwick,kborthwicka@yolasite.com,Male,4087774252
12,Donnie,Calbaithe,dcalbaitheb@deviantart.com,Male,4816763974
13,Hesther,Sowman,hsowmanc@com.com,Female,4331563480
14,Woodman,Meddick,wmeddickd@gmpg.org,Male,3558800983
15,Johannes,Bott,jbotte@privacy.gov.au,Male,2761167480
16,Kristi,Franciottoi,kfranciottoif@yellowpages.com,Female,2644120309
17,Terza,Frape,tfrapeg@bluehost.com,Female,3845514679
18,Christos,Waything,cwaythingh@123-reg.co.uk,Male,7516774154
19,Rorke,Basten,rbasteni@cpanel.net,Male,4831735718
20,Alberta,Pinks,apinksj@cargocollective.com,Female,2789412111
21,Ron,Dy,rdyk@newyorker.com,Male,6467295372
22,Brooke,Stepney,bstepneyl@scribd.com,Female,8923236379
23,Dixie,Moreno,dmorenom@last.fm,Genderqueer,2554333811
24,Vinnie,Kilgrew,vkilgrewn@facebook.com,Female,3258296398
25,Marcile,Kornousek,mkornouseko@gizmodo.com,Female,4797964991
26,Bayard,Sealey,bsealeyp@tripadvisor.com,Male,2893253865
27,Adlai,Stradling,astradlingq@bandcamp.com,Male,1364467058
28,Bernardo,Buller,bbullerr@umn.edu,Male,5716836620
29,Gipsy,Mundee,gmundees@ted.com,Female,4092179526
30,Cammie,Mattiello,cmattiellot@columbia.edu,Female,1274528644
31,Petra,Totterdell,ptotterdellu@51.la,Female,8304741712
32,Nadia,Worland,nworlandv@state.tx.us,Female,8494214018
33,Casey,Meffen,cmeffenw@kickstarter.com,Male,2399715398
34,Vannie,Lupton,vluptonx@gmpg.org,Female,6347738763
35,Corissa,De Dei,cdedeiy@google.com,Genderqueer,9001494155
36,Cacilia,Roscrigg,croscriggz@ucla.edu,Female,7693075795
37,Gasparo,Vautin,gvautin10@kickstarter.com,Male,9528408989
38,Osborn,Ferryman,oferryman11@biglobe.ne.jp,Male,3811751681
39,Kat,Dumbrill,kdumbrill12@icq.com,Female,9859670144
40,Franny,Morrissey,fmorrissey13@1und1.de,Female,3916072000
41,Jaymee,Ramelot,jramelot14@yahoo.co.jp,Female,6282219978
42,Grete,Cook,gcook15@stumbleupon.com,Female,6922141108
43,Michelle,Abreheart,mabreheart16@auda.org.au,Female,7747723685
44,Timothea,Hollerin,thollerin17@ihg.com,Female,4426723143
45,Mireille,Ajsik,majsik18@prweb.com,Female,2107342382
46,Chester,Serraillier,cserraillier19@hp.com,Male,2604818721
47,Lenka,Dubbin,ldubbin1a@bbb.org,Female,9527767229
48,Inge,Kleinstub,ikleinstub1b@springer.com,Female,7728470353
49,Olivie,Rashleigh,orashleigh1c@shutterfly.com,Female,7925973460
50,Etheline,De Francesco,edefrancesco1d@walmart.com,Female,9544915675
51,Trefor,Faux,tfaux1e@hud.gov,Male,3167019154
52,Ashley,Gercke,agercke1f@wunderground.com,Male,5561464531
53,Hazel,Christophle,hchristophle1g@cyberchimps.com,Female,9074870579
54,Dun,O'Kane,dokane1h@vkontakte.ru,Male,1344054451
55,Rochella,Perutto,rperutto1i@twitpic.com,Female,6302429873
56,Dell,Wisniowski,dwisniowski1j@wiley.com,Genderqueer,4894954619
57,Trumann,Boyet,tboyet1k@auda.org.au,Male,1204484029
58,Merrili,Vasilchikov,mvasilchikov1l@fema.gov,Female,1855655761
59,Hank,Kurt,hkurt1m@cbc.ca,Male,2544470568
60,Ladonna,Scarbarrow,lscarbarrow1n@marriott.com,Female,2742909136
61,Carole,Leadston,cleadston1o@dagondesign.com,Female,1764508794
62,Shaun,Pill,spill1p@jiathis.com,Male,8119684517
63,Shalom,Kingswood,skingswood1q@stanford.edu,Male,9724461417
64,Harrietta,Serck,hserck1r@google.de,Female,7852114332
65,Rube,Schettini,rschettini1s@opensource.org,Male,8469497612
66,Morris,Klimentyev,mklimentyev1t@youku.com,Male,6075660810
67,Antonietta,Cutmere,acutmere1u@addtoany.com,Female,3084715440
68,Mara,Lambden,mlambden1v@spotify.com,Female,9483206864
69,Mickey,Saunter,msaunter1w@tmall.com,Male,1231640097
70,Constantine,Shimoni,cshimoni1x@aol.com,Male,3201776685
71,Lisbeth,Kayley,lkayley1y@google.pl,Non-binary,6701876116
72,Correy,Burman,cburman1z@free.fr,Male,1576527504
73,Bendick,Eaglen,beaglen20@theglobeandmail.com,Male,2113642962
74,Lauri,Hainge,lhainge21@meetup.com,Female,6418080835
75,Cordie,Dallewater,cdallewater22@diigo.com,Female,4937711336
76,Arny,Waiting,awaiting23@so-net.ne.jp,Bigender,2311822244
77,Hagan,Beekmann,hbeekmann24@altervista.org,Male,5672082868
78,Joya,Marshal,jmarshal25@google.co.uk,Female,8801913606
79,Irving,Bertelmot,ibertelmot26@ca.gov,Male,3984641681
80,Dougy,Olivazzi,dolivazzi27@tamu.edu,Male,2818046345
81,Hewe,Brownsmith,hbrownsmith28@delicious.com,Male,9547507797
82,Sharia,Sorsby,ssorsby29@google.com,Female,7083275941
83,Paulie,Baugh,pbaugh2a@yolasite.com,Male,2442448451
84,Elita,Legges,elegges2b@issuu.com,Female,7824662141
85,Vance,Tremblay,vtremblay2c@businessweek.com,Male,6482732366
86,Kaylee,Arndell,karndell2d@fema.gov,Female,9885509802
87,Tammie,Wainscoat,twainscoat2e@ed.gov,Male,5199454717
88,Celestyn,Hawthorn,chawthorn2f@icq.com,Female,9978291870
89,Harrison,Marshman,hmarshman2g@cpanel.net,Male,9097934847
90,Davide,Bushill,dbushill2h@narod.ru,Male,5616035379
91,Murvyn,Yuill,myuill2i@addthis.com,Male,3344322859
92,Alano,Curnow,acurnow2j@meetup.com,Male,2951257819
93,Benedikt,Armatage,barmatage2k@yolasite.com,Male,6967887128
94,Moria,Ridsdole,mridsdole2l@scribd.com,Female,1036906930
95,Erinna,Papes,epapes2m@utexas.edu,Female,7619140128
96,Giulietta,Henriques,ghenriques2n@meetup.com,Female,6085207857
97,Aida,Ughi,aughi2o@moonfruit.com,Genderfluid,1899178580
98,Michel,Litherland,mlitherland2p@buzzfeed.com,Female,8402988082
99,Peder,Gerson,pgerson2q@marriott.com,Bigender,9021739652
100,Upton,Grandison,ugrandison2r@google.it,Male,7982115548
101,Gillan,Willicott,gwillicott2s@dailymail.co.uk,Female,2563521368
102,Dyann,Farrier,dfarrier2t@china.com.cn,Female,7434725588
103,Merrill,Essame,messame2u@vinaora.com,Male,2083950083
104,Jeannie,Gilyott,jgilyott2v@chron.com,Female,5711108493
105,Caspar,Lawlor,clawlor2w@cafepress.com,Male,6714282751
106,Albertina,Bernadon,abernadon2x@bizjournals.com,Female,3334737371
107,Terrel,Ascough,tascough2y@unblog.fr,Polygender,2011496318
108,Nikos,Faudrie,nfaudrie2z@about.com,Male,6583238422
109,Derek,Ungerer,dungerer30@msu.edu,Male,7009202228
110,Tam,Worstall,tworstall31@livejournal.com,Male,1953982905
111,Jolie,Stirley,jstirley32@cbslocal.com,Female,5547412068
112,Brianna,Douthwaite,bdouthwaite33@aol.com,Female,2851223442
113,Angus,Eidler,aeidler34@devhub.com,Male,7137351696
114,Carlin,Mokes,cmokes35@army.mil,Female,4872406100
115,Estele,Butfield,ebutfield36@paypal.com,Female,5187429198
116,Wilburt,Crosson,wcrosson37@vkontakte.ru,Male,7848789937
117,Zechariah,Synder,zsynder38@samsung.com,Male,6956726714
118,Julie,Cornes,jcornes39@sciencedirect.com,Male,5258490684
119,Adamo,Gianetti,agianetti3a@jalbum.net,Male,4597433087
120,Goldy,Vears,gvears3b@apple.com,Bigender,9915290822
121,Ker,Bjerkan,kbjerkan3c@meetup.com,Male,5623055544
122,Lil,Tanzig,ltanzig3d@cnet.com,Female,5074233299
123,Karilynn,Poulett,kpoulett3e@ebay.co.uk,Female,6828676029
124,Murdoch,Jessop,mjessop3f@microsoft.com,Male,4826014839
125,Thorndike,Sillis,tsillis3g@hibu.com,Male,4139821456
126,Archy,Bulfit,abulfit3h@hugedomains.com,Male,8147969291
127,Gerald,Eck,geck3i@netscape.com,Male,8438490305
128,Hermione,Antonsson,hantonsson3j@i2i.jp,Female,7965608578
129,Alaine,Karoly,akaroly3k@tripadvisor.com,Female,3852007798
130,Killian,Been,kbeen3l@prnewswire.com,Male,3182744579
131,Waiter,Bossons,wbossons3m@google.cn,Male,1347698829
132,Tadd,Lowdwell,tlowdwell3n@canalblog.com,Male,1205999261
133,Van,Alfonsetti,valfonsetti3o@4shared.com,Male,1279613478
134,Isac,Edleston,iedleston3p@trellian.com,Male,1676788968
135,Riannon,Janos,rjanos3q@google.com.br,Female,6225909837
136,Dian,Baffin,dbaffin3r@gravatar.com,Female,2892780092
137,Forest,Ibbetson,fibbetson3s@yelp.com,Male,9579119063
138,Imogen,Woolacott,iwoolacott3t@tmall.com,Female,1113371599
139,Calley,Jukes,cjukes3u@oaic.gov.au,Female,1739392467
140,Luce,Saddington,lsaddington3v@china.com.cn,Male,2165230308
141,Johnna,Coyish,jcoyish3w@mashable.com,Female,9771948445
142,Humfrid,Omand,homand3x@wunderground.com,Male,9028326671
143,Dorris,McPhee,dmcphee3y@ox.ac.uk,Female,1415463437
144,Stanly,Anstiss,sanstiss3z@princeton.edu,Male,7001135711
145,Stirling,Clarage,sclarage40@angelfire.com,Male,1416427476
146,Arlen,Lacasa,alacasa41@usnews.com,Male,8433211467
147,Danya,Vanichev,dvanichev42@cloudflare.com,Female,4079855237
148,Bertrando,Woodall,bwoodall43@webmd.com,Male,4679607723
149,Donnie,Westby,dwestby44@nytimes.com,Female,2029731019
150,Dimitry,Richold,drichold45@163.com,Male,4866469460
151,Graehme,Batch,gbatch46@google.ca,Male,3213155696
152,Beltran,Scrimshaw,bscrimshaw47@rambler.ru,Male,4196614423
153,Dene,Lentsch,dlentsch48@reference.com,Male,9495242738
154,Liana,Fivey,lfivey49@globo.com,Female,2293531024
155,Sybyl,Donnachie,sdonnachie4a@google.pl,Female,7819796791
156,Maribelle,Halfpenny,mhalfpenny4b@sciencedaily.com,Polygender,3315096187
157,Lindsay,Whitington,lwhitington4c@tiny.cc,Female,7299567002
158,Velvet,Baldwin,vbaldwin4d@webeden.co.uk,Female,5822720351
159,Gun,Dast,gdast4e@phoca.cz,Male,1169948095
160,Lynnett,Bamber,lbamber4f@mlb.com,Female,5584137538
161,Katusha,Goodhall,kgoodhall4g@businessinsider.com,Female,7861561778
162,Solomon,Tokley,stokley4h@apple.com,Male,8436309223
163,Rad,Yakunin,ryakunin4i@scribd.com,Male,7886788358
164,Gram,Bossons,gbossons4j@php.net,Male,6394237609
165,Batholomew,Forsyde,bforsyde4k@taobao.com,Male,9468434044
166,Mattheus,Eastes,meastes4l@wix.com,Male,4104200408
167,Phillida,Fey,pfey4m@yahoo.co.jp,Genderqueer,7883907267
168,Richie,Liepmann,rliepmann4n@apache.org,Male,7818041495
169,Phillipe,Towsey,ptowsey4o@twitpic.com,Male,3003159269
170,Ivette,Beere,ibeere4p@noaa.gov,Female,9934265351
171,Anderea,Ecclestone,aecclestone4q@walmart.com,Female,4125251588
172,Dino,Arnaudet,darnaudet4r@marketwatch.com,Male,1084283407
173,Dennie,Cordle,dcordle4s@wp.com,Male,7408533444
174,Linnell,Kemmer,lkemmer4t@cloudflare.com,Female,4827572850
175,Vlad,Morlon,vmorlon4u@marriott.com,Male,9547170200
176,Ashlen,Colbridge,acolbridge4v@homestead.com,Female,3424050344
177,Danit,Whiffin,dwhiffin4w@desdev.cn,Female,1541285405
178,Terrell,Hauxley,thauxley4x@berkeley.edu,Male,1517291082
179,Kimberly,Bonome,kbonome4y@yahoo.com,Female,3189402646
180,Brigitte,Fronczak,bfronczak4z@nytimes.com,Female,7843235660
181,Zena,Burgwin,zburgwin50@admin.ch,Female,4193663309
182,Peggy,Faers,pfaers51@netscape.com,Female,5409074431
183,Mabelle,Korting,mkorting52@prweb.com,Female,4436108880
184,Yevette,Huxter,yhuxter53@cdc.gov,Female,3897591362
185,Mariquilla,Kemish,mkemish54@tumblr.com,Polygender,3656700911
186,Lisle,Harland,lharland55@latimes.com,Male,2488494165
187,Fairlie,Calcraft,fcalcraft56@cloudflare.com,Male,4018095996
188,Carr,Sumbler,csumbler57@ibm.com,Male,6216714163
189,Hagen,McFfaden,hmcffaden58@businessinsider.com,Genderfluid,6796117434
190,Durant,Castleton,dcastleton59@nytimes.com,Male,4977565596
191,Efren,Agdahl,eagdahl5a@alibaba.com,Male,2057460757
192,Garrett,Leabeater,gleabeater5b@digg.com,Genderfluid,2456576895
193,Stanley,Willison,swillison5c@skype.com,Male,2361825732
194,Ilse,Habin,ihabin5d@github.com,Female,8667393528
195,Vikki,Byars,vbyars5e@irs.gov,Female,2056794107
196,Kent,Paton,kpaton5f@bing.com,Male,6593795907
197,Faith,Morando,fmorando5g@elegantthemes.com,Genderqueer,2359402771
198,Germain,Davy,gdavy5h@hhs.gov,Male,7552905671
199,Margaux,Chant,mchant5i@sfgate.com,Female,3994551782
200,Marissa,Hanrott,mhanrott5j@blinklist.com,Female,4816334918
201,Elizabet,Petriello,epetriello5k@vistaprint.com,Female,9803446411
202,Horton,Pacher,hpacher5l@phoca.cz,Male,6165315020
203,Ettore,Houlworth,ehoulworth5m@europa.eu,Male,8252840177
204,Lowe,Meeking,lmeeking5n@blogs.com,Male,6019127386
205,Tanitansy,Parham,tparham5o@oaic.gov.au,Genderqueer,4142792643
206,Clarine,Girone,cgirone5p@nifty.com,Female,3019753536
207,Riva,Dane,rdane5q@php.net,Female,6375898811
208,Thorndike,Hodgen,thodgen5r@boston.com,Male,5144268729
209,Tierney,Dunstall,tdunstall5s@columbia.edu,Female,4998334470
210,Fabien,Redgewell,fredgewell5t@amazon.com,Male,4386234348
211,Shaun,Vuitton,svuitton5u@wunderground.com,Female,4938009123
212,Jocelyne,Turban,jturban5v@webeden.co.uk,Female,8935962090
213,Carena,Furmedge,cfurmedge5w@qq.com,Female,1597589684
214,Chuck,Pembridge,cpembridge5x@cyberchimps.com,Male,8733278078
215,Bard,Sanham,bsanham5y@noaa.gov,Male,1116086241
216,Cully,Odd,codd5z@zimbio.com,Male,7455624781
217,Marris,Golden of Ireland,mgoldenofireland60@microsoft.com,Female,4248882806
218,Thatch,Mateev,tmateev61@360.cn,Male,9046691735
219,Ebba,Potier,epotier62@ucla.edu,Female,2857743660
220,Marchall,Berthome,mberthome63@163.com,Male,7363399512
221,Olympie,Chiswell,ochiswell64@furl.net,Female,9071819439
222,Morganne,Gabala,mgabala65@blog.com,Female,6595646224
223,Shaylynn,People,speople66@godaddy.com,Female,8126486754
224,Gearard,Barham,gbarham67@paginegialle.it,Male,4479737702
225,Win,Franiak,wfraniak68@wired.com,Male,3002648259
226,Dion,Honnan,dhonnan69@irs.gov,Female,1358377250
227,Humbert,Jeannon,hjeannon6a@google.de,Male,2411871876
228,Xena,McCarly,xmccarly6b@oracle.com,Female,9786869990
229,Babara,Duchenne,bduchenne6c@homestead.com,Female,6235610668
230,Sashenka,Hunnybun,shunnybun6d@marriott.com,Female,6917021646
231,Husain,Rumke,hrumke6e@de.vu,Male,3296025426
232,Lorenza,Threadgould,lthreadgould6f@bigcartel.com,Female,2249839019
233,Steve,Seares,sseares6g@statcounter.com,Male,1756647442
234,Jeremy,Scarborough,jscarborough6h@bigcartel.com,Male,5311414371
235,Nicolas,Arboine,narboine6i@dmoz.org,Male,7687591022
236,Alix,Ragate,aragate6j@storify.com,Genderfluid,7733927458
237,Shellysheldon,Beedle,sbeedle6k@google.com,Male,5111005874
238,Patrice,Coomber,pcoomber6l@sina.com.cn,Male,4802789855
239,Liva,Van den Broek,lvandenbroek6m@washingtonpost.com,Female,6149734358
240,Rori,Mees,rmees6n@seattletimes.com,Female,6884132581
241,Alex,Haken,ahaken6o@google.co.jp,Male,6515787230
242,Nealy,Pattini,npattini6p@yellowbook.com,Male,8344157029
243,Cord,Neggrini,cneggrini6q@seattletimes.com,Male,8444509110
244,Tonya,Harkin,tharkin6r@reddit.com,Female,4738554220
245,Tarra,De Benedetti,tdebenedetti6s@upenn.edu,Female,7854172720
246,Ronnie,Padefield,rpadefield6t@oakley.com,Male,3926084640
247,Harriette,Rippen,hrippen6u@tinypic.com,Female,6986558947
248,Kaycee,Spondley,kspondley6v@skype.com,Female,2833993162
249,Martin,Le Brom,mlebrom6w@omniture.com,Male,5443746136
250,Mala,Berendsen,mberendsen6x@themeforest.net,Female,7899408525
251,Dodie,Danilyuk,ddanilyuk6y@slideshare.net,Female,4814148063
252,Maximilian,Macenzy,mmacenzy6z@amazon.co.uk,Male,2247717230
253,Corilla,Archibald,carchibald70@sitemeter.com,Female,8825791681
254,Katee,Gallaway,kgallaway71@google.pl,Genderqueer,6716153838
255,Rodrique,Murrock,rmurrock72@vk.com,Male,8128391426
256,Kelbee,Lyddiard,klyddiard73@marketwatch.com,Male,6797060255
257,Vincenty,Minkin,vminkin74@google.ca,Male,7197445906
258,Thomasin,Littlemore,tlittlemore75@booking.com,Female,9872395859
259,Andre,Alchin,aalchin76@businesswire.com,Male,3832602076
260,Cally,Keaveney,ckeaveney77@time.com,Female,8762719173
261,Lois,Growden,lgrowden78@cnet.com,Female,3118819651
262,Reuven,Eagles,reagles79@google.es,Male,8717753449
263,Pammy,Sancroft,psancroft7a@ftc.gov,Polygender,6408619698
264,Hew,Veschambes,hveschambes7b@wisc.edu,Male,6109329355
265,Arvin,Cicccitti,acicccitti7c@hubpages.com,Male,5434552811
266,Taylor,Stonebridge,tstonebridge7d@hexun.com,Male,3257503017
267,Frankie,Skeen,fskeen7e@tumblr.com,Female,9634633893
268,Verine,Pigdon,vpigdon7f@sun.com,Female,9908490429
269,Kania,MacLese,kmaclese7g@cnet.com,Female,5221078664
270,Serena,Ewbank,sewbank7h@auda.org.au,Female,5444754198
271,Finlay,Wudeland,fwudeland7i@foxnews.com,Male,2915163221
272,Earlie,Nelmes,enelmes7j@4shared.com,Male,4915732828
273,Lorne,Nutbean,lnutbean7k@hhs.gov,Non-binary,4943379731
274,Janice,Gatenby,jgatenby7l@google.it,Female,6777412771
275,Griffie,Clymo,gclymo7m@moonfruit.com,Male,7139977064
276,Kerstin,Knightsbridge,kknightsbridge7n@elpais.com,Female,7024717811
277,Johnny,Haw,jhaw7o@zimbio.com,Male,9661261115
278,Dolorita,Jansey,djansey7p@usa.gov,Female,7526117828
279,Sonni,Gainor,sgainor7q@epa.gov,Female,9121372814
280,Earle,Edmett,eedmett7r@vkontakte.ru,Male,6969432513
281,Claudia,Wilkinson,cwilkinson7s@fema.gov,Female,8225789301
282,Rozamond,Jandl,rjandl7t@meetup.com,Female,5017383867
283,Millard,Midlane,mmidlane7u@guardian.co.uk,Male,3726644865
284,Myrlene,Powers,mpowers7v@google.com.hk,Female,9797219632
285,Alice,Stapells,astapells7w@patch.com,Polygender,3825708751
286,Creighton,Baurerich,cbaurerich7x@cafepress.com,Male,1639032352
287,Cad,Androletti,candroletti7y@unicef.org,Male,2431554014
288,Keen,Ranby,kranby7z@unicef.org,Male,6375216167
289,Jenilee,Woolveridge,jwoolveridge80@list-manage.com,Polygender,8775632927
290,Sada,Waggitt,swaggitt81@booking.com,Female,8163544624
291,Mureil,Proschke,mproschke82@unc.edu,Female,2642297498
292,Pavia,Southern,psouthern83@goo.ne.jp,Non-binary,4157398061
293,Lesli,Fellgett,lfellgett84@spotify.com,Non-binary,5548121696
294,Raye,Veivers,rveivers85@taobao.com,Female,8212409750
295,Izzy,Mucklo,imucklo86@reddit.com,Male,2298061544
296,Brady,Angrove,bangrove87@ycombinator.com,Male,8494902566
297,Goldi,Motion,gmotion88@shinystat.com,Female,3694990868
298,Cirillo,Pantridge,cpantridge89@ucoz.com,Male,8686708830
299,Mayne,Brannon,mbrannon8a@amazon.com,Male,3398960317
300,Jeffy,Kuhn,jkuhn8b@prnewswire.com,Male,4881083275
301,Amitie,Pagett,apagett8c@princeton.edu,Female,6119168275
302,Clemmie,Kasting,ckasting8d@usa.gov,Male,6228087328
303,Heidie,Rubinovitsch,hrubinovitsch8e@howstuffworks.com,Female,3258374191
304,Kassandra,Coomer,kcoomer8f@samsung.com,Female,1332694320
305,Constantine,Steet,csteet8g@yellowpages.com,Male,8075297896
306,Carson,Rollins,crollins8h@vistaprint.com,Male,2726171802
307,Court,Brandes,cbrandes8i@rediff.com,Male,6995554584
308,Holli,Wooller,hwooller8j@webmd.com,Female,4509615406
309,Nellie,Mullett,nmullett8k@t.co,Female,1809655603
310,Jillana,Bleasby,jbleasby8l@oakley.com,Female,2625855714
311,Brooks,Murney,bmurney8m@odnoklassniki.ru,Male,1234304092
312,Conrade,Leas,cleas8n@craigslist.org,Male,9921878546
313,Blane,McMurty,bmcmurty8o@cafepress.com,Non-binary,7212023071
314,Cybil,McKeney,cmckeney8p@multiply.com,Female,9541320651
315,Thoma,Eastgate,teastgate8q@sun.com,Genderfluid,8504054280
316,Joyce,Robertacci,jrobertacci8r@epa.gov,Female,7081641403
317,Lusa,Guntrip,lguntrip8s@examiner.com,Female,9811011179
318,Winne,Schleswig-Holstein,wschleswigholstein8t@unicef.org,Female,4867637681
319,Andy,Bustard,abustard8u@yahoo.com,Male,6975723171
320,Patrizio,Braidwood,pbraidwood8v@paypal.com,Male,7971094499
321,Gabe,Keepin,gkeepin8w@feedburner.com,Male,3682953745
322,Theresita,Imorts,timorts8x@furl.net,Agender,4491063331
323,Dilly,Hubery,dhubery8y@squarespace.com,Male,2535081286
324,Kenny,Spray,kspray8z@opensource.org,Male,6572627579
325,Carolyn,Bevis,cbevis90@google.pl,Female,8141406879
326,Devonna,Olerenshaw,dolerenshaw91@salon.com,Female,5037294527
327,Ugo,Lilliman,ulilliman92@yale.edu,Male,2265620021
328,Cinnamon,Towner,ctowner93@forbes.com,Female,6398048842
329,Fanya,Schruyer,fschruyer94@guardian.co.uk,Female,1963194421
330,Katie,Beddis,kbeddis95@wikimedia.org,Agender,3353045525
331,Renie,Nelsey,rnelsey96@ucoz.com,Non-binary,4478912134
332,Aldwin,O' Clovan,aoclovan97@youku.com,Male,5591817660
333,Rudolf,Verdy,rverdy98@meetup.com,Male,5481141116
334,Justino,Dimmer,jdimmer99@cnet.com,Non-binary,9843614087
335,Tate,Blacklawe,tblacklawe9a@virginia.edu,Female,6729900416
336,Ardyce,Wayne,awayne9b@seesaa.net,Female,2895715326
337,Alejandra,Kynd,akynd9c@wordpress.com,Female,9329848057
338,Kearney,Greenhead,kgreenhead9d@amazon.co.uk,Agender,7911627227
339,Marchall,Yardley,myardley9e@cnbc.com,Male,3567818329
340,Taylor,Simco,tsimco9f@google.com.br,Non-binary,7381927726
341,Dru,Covey,dcovey9g@gizmodo.com,Male,4761814727
342,Steffi,Presslee,spresslee9h@nhs.uk,Female,9495095150
343,Brit,Cranfield,bcranfield9i@unblog.fr,Female,1555487010
344,Yuri,Biasetti,ybiasetti9j@disqus.com,Male,5897545263
345,Vania,De Zuani,vdezuani9k@shareasale.com,Female,7866840282
346,Torre,Bruckent,tbruckent9l@alexa.com,Male,8665796620
347,Morly,Jura,mjura9m@abc.net.au,Male,9821063013
348,Franky,Coey,fcoey9n@ameblo.jp,Female,9592417745
349,Ellary,Patroni,epatroni9o@yahoo.co.jp,Non-binary,2284826959
350,Godart,Tremollet,gtremollet9p@latimes.com,Male,5067829032
351,Gareth,Plumer,gplumer9q@sogou.com,Agender,5033799035
352,Monty,Morrieson,mmorrieson9r@sciencedaily.com,Male,1555426405
353,Doralyn,De Leek,ddeleek9s@wired.com,Female,1077979553
354,Jorry,Dunklee,jdunklee9t@springer.com,Female,6844991139
355,Buffy,McArdell,bmcardell9u@pcworld.com,Female,8911073339
356,Elora,Okenden,eokenden9v@elegantthemes.com,Female,4532526876
357,Jedediah,Springate,jspringate9w@weibo.com,Male,7552218597
358,Ruperto,Ausher,rausher9x@noaa.gov,Male,4773821712
359,Fredia,Dinjes,fdinjes9y@whitehouse.gov,Female,2036045828
360,Brenna,Pethick,bpethick9z@ftc.gov,Female,6932817352
361,Mychal,McWhinnie,mmcwhinniea0@foxnews.com,Male,4274338551
362,Dalli,Crang,dcranga1@twitpic.com,Male,6471600397
363,Kingsley,Fullman,kfullmana2@php.net,Male,9821151014
364,Pace,Gianullo,pgianulloa3@icio.us,Male,6425547004
365,Poppy,Cobbold,pcobbolda4@over-blog.com,Female,1298839979
366,Ellery,Darragon,edarragona5@jigsy.com,Genderfluid,7135706011
367,Dyan,McDoual,dmcdouala6@linkedin.com,Female,6624409016
368,Saloma,Gandy,sgandya7@arstechnica.com,Female,5701161974
369,Hewitt,Thecham,hthechama8@comcast.net,Male,5096594053
370,Hurley,Haversham,hhavershama9@go.com,Male,3395071835
371,Desdemona,Odlin,dodlinaa@zimbio.com,Female,2775853682
372,Noby,Keemar,nkeemarab@baidu.com,Male,6078883095
373,Nellie,Glasby,nglasbyac@army.mil,Female,3386521903
374,Juli,Bolderson,jboldersonad@google.ca,Female,1298313475
375,Simmonds,Hendrick,shendrickae@oracle.com,Male,4454445655
376,Marieann,Braikenridge,mbraikenridgeaf@about.me,Female,9672755663
377,Melitta,Allanson,mallansonag@meetup.com,Female,8876150046
378,Merle,Bethel,mbethelah@netscape.com,Male,1862461425
379,Cly,Goulden,cgouldenai@comcast.net,Male,1589919904
380,Felecia,Whenham,fwhenhamaj@meetup.com,Female,4197543213
381,Roarke,Chaplain,rchaplainak@freewebs.com,Male,9535437769
382,Obadiah,McNeilly,omcneillyal@aol.com,Male,1569152941
383,Orella,Marchi,omarchiam@hao123.com,Female,1272187543
384,Joline,Dunn,jdunnan@thetimes.co.uk,Female,6181689222
385,Michael,Pideon,mpideonao@tiny.cc,Male,5712048952
386,Chip,McKimmie,cmckimmieap@google.com.au,Male,7512496004
387,Forster,Pulhoster,fpulhosteraq@globo.com,Male,8158518399
388,Herminia,Kelleher,hkelleherar@live.com,Genderfluid,9396488009
389,Sharron,Kinnie,skinnieas@aol.com,Female,9514125196
390,Coleen,Glanville,cglanvilleat@reddit.com,Female,4514711417
391,Fleur,Woolner,fwoolnerau@pen.io,Female,5688179543
392,Douglass,Gatenby,dgatenbyav@soundcloud.com,Male,9898984338
393,Felicia,Banfield,fbanfieldaw@g.co,Female,7013665492
394,Irita,Gribbin,igribbinax@blogs.com,Female,7675718948
395,Murry,Zappel,mzappelay@businesswire.com,Male,2891254082
396,Gerek,Morsley,gmorsleyaz@shutterfly.com,Male,9521687909
397,Clemente,Noton,cnotonb0@upenn.edu,Male,2931830197
398,Melania,Featonby,mfeatonbyb1@auda.org.au,Female,6692361126
399,Donnajean,Sherburn,dsherburnb2@alibaba.com,Bigender,3646264559
400,Roseanna,Rontsch,rrontschb3@clickbank.net,Female,5574356016
401,Becka,Goodlett,bgoodlettb4@upenn.edu,Female,7603944715
402,Darlleen,Adderson,daddersonb5@unicef.org,Female,8443593720
403,Taffy,Robottham,trobotthamb6@arstechnica.com,Female,4422443094
404,Neysa,Coey,ncoeyb7@ucla.edu,Female,1503763108
405,Maddi,Sykora,msykorab8@harvard.edu,Female,7417455507
406,Barrie,Brason,bbrasonb9@mysql.com,Male,6421228225
407,Bathsheba,Vigus,bvigusba@aboutads.info,Female,7769757647
408,Amby,Wheble,awheblebb@europa.eu,Male,7897324457
409,Kenneth,Rockhall,krockhallbc@google.fr,Male,6987451530
410,Danette,Browett,dbrowettbd@deviantart.com,Female,9278162790
411,Irvine,Stonhewer,istonhewerbe@posterous.com,Male,1515381190
412,Enrico,Beacon,ebeaconbf@slate.com,Male,3374869469
413,Camilla,Muzzall,cmuzzallbg@tiny.cc,Female,1399780534
414,Myrvyn,Linfitt,mlinfittbh@cornell.edu,Male,9161622219
415,Anabelle,Rodenborch,arodenborchbi@marketwatch.com,Genderqueer,5235556570
416,Gustave,Kryska,gkryskabj@eventbrite.com,Male,5568957862
417,Oliver,Bischoff,obischoffbk@dell.com,Male,6904858749
418,Engracia,McGooch,emcgoochbl@paginegialle.it,Female,6413553167
419,Cordy,Fleckness,cflecknessbm@paginegialle.it,Male,8112337766
420,Tommy,Petyanin,tpetyaninbn@sitemeter.com,Female,2137129995
421,Miran,Lehemann,mlehemannbo@hp.com,Female,9341240002
422,Brandea,Blaise,bblaisebp@dailymail.co.uk,Female,3878805071
423,Candace,Haughian,chaughianbq@shop-pro.jp,Female,9858670577
424,Ilario,Swindley,iswindleybr@jigsy.com,Male,9926625102
425,Boigie,De Lorenzo,bdelorenzobs@yelp.com,Male,8556226290
426,Kelley,Feighney,kfeighneybt@admin.ch,Male,4397490364
427,Theodor,Quinion,tquinionbu@wunderground.com,Non-binary,3279323773
428,Isak,Tassell,itassellbv@samsung.com,Male,2939503322
429,Linzy,Camillo,lcamillobw@4shared.com,Female,7568426482
430,Electra,Douch,edouchbx@dion.ne.jp,Female,2104087255
431,Tabbatha,Nealy,tnealyby@blogtalkradio.com,Female,2379828849
432,Falkner,Cheke,fchekebz@ftc.gov,Male,7619287250
433,Gerta,Toma,gtomac0@bigcartel.com,Female,2355598593
434,Carmela,Wayper,cwayperc1@nature.com,Female,5745287085
435,Bendite,Roggero,broggeroc2@amazon.com,Female,4864551587
436,Daren,Millsom,dmillsomc3@over-blog.com,Male,5051564375
437,Lorne,Charity,lcharityc4@pagesperso-orange.fr,Female,3615357459
438,Haleigh,Rennard,hrennardc5@prnewswire.com,Female,3466245213
439,Korie,Morson,kmorsonc6@vistaprint.com,Female,3225388074
440,Darleen,Weich,dweichc7@cbslocal.com,Female,1469134907
441,Casar,Streetley,cstreetleyc8@newyorker.com,Non-binary,8378652342
442,Shannah,Vellacott,svellacottc9@dropbox.com,Female,7357437739
443,Maynard,Hanna,mhannaca@dmoz.org,Male,1828269993
444,Aarika,Adnam,aadnamcb@last.fm,Female,7261216621
445,Bar,Tumini,btuminicc@hostgator.com,Agender,3081423064
446,Ambrose,Haugg,ahauggcd@illinois.edu,Male,4979049379
447,Roddy,Castenda,rcastendace@prweb.com,Genderfluid,8292540575
448,Winslow,Beagin,wbeagincf@blinklist.com,Male,1931949114
449,Nikita,Kelf,nkelfcg@ehow.com,Male,4984831112
450,Kirbie,Merrett,kmerrettch@google.nl,Female,1216767015
451,Gladys,Boate,gboateci@bbb.org,Female,1847920725
452,Juditha,Dougal,jdougalcj@cyberchimps.com,Female,2682940796
453,Cilka,Dellow,cdellowck@fda.gov,Female,4127771229
454,Deanna,Coggeshall,dcoggeshallcl@scientificamerican.com,Bigender,4762825488
455,Goldina,Parry,gparrycm@cloudflare.com,Female,5727518960
456,Yehudit,Buttwell,ybuttwellcn@thetimes.co.uk,Male,3948233988
457,Temple,Dentith,tdentithco@google.ca,Male,2203300027
458,Sigismund,Strass,sstrasscp@soup.io,Male,2773664075
459,Joanna,Tregoning,jtregoningcq@illinois.edu,Female,8921322679
460,Hilarius,Groll,hgrollcr@trellian.com,Male,5554964945
461,Jeffry,Calrow,jcalrowcs@istockphoto.com,Male,9833520501
462,Huey,Newall,hnewallct@goo.ne.jp,Male,3518550704
463,Consuela,Follan,cfollancu@barnesandnoble.com,Female,8757763781
464,Merline,Whates,mwhatescv@facebook.com,Female,5038084293
465,Kassandra,Heinecke,kheineckecw@disqus.com,Female,1232455714
466,Thomasin,Bulle,tbullecx@wired.com,Female,8455451484
467,Ragnar,Issacson,rissacsoncy@ted.com,Male,2265009951
468,Douglas,Van der Mark,dvandermarkcz@dedecms.com,Male,7179869167
469,Tull,Attwool,tattwoold0@webnode.com,Male,4028732254
470,Blondie,Ruckhard,bruckhardd1@state.tx.us,Female,6215307154
471,Adele,Tantrum,atantrumd2@cpanel.net,Female,5329117967
472,Jena,Boughtwood,jboughtwoodd3@de.vu,Female,4554243692
473,Weidar,MacTrustam,wmactrustamd4@simplemachines.org,Male,8271608283
474,Neron,Tennewell,ntennewelld5@google.it,Male,9956177535
475,Biddy,Yurevich,byurevichd6@marriott.com,Female,3054685931
476,Odelle,Mildner,omildnerd7@webeden.co.uk,Female,3548493391
477,Dorri,Pleat,dpleatd8@earthlink.net,Female,8237670932
478,Magda,Culligan,mculligand9@gmpg.org,Female,8342819402
479,Bobbee,Reford,brefordda@netlog.com,Female,1964139783
480,Jorrie,Wasiela,jwasieladb@ycombinator.com,Female,2644996449
481,Madelina,Audas,maudasdc@gmpg.org,Female,5832442637
482,Morissa,Pomfret,mpomfretdd@mozilla.com,Female,4732161558
483,Chad,Lothlorien,clothloriende@purevolume.com,Male,1138694512
484,Anallise,Hearley,ahearleydf@google.pl,Female,4582871055
485,Rani,Idwal Evans,ridwalevansdg@narod.ru,Female,7248940740
486,Ashlie,Bottom,abottomdh@independent.co.uk,Female,2849506312
487,Cassandry,Tafani,ctafanidi@prweb.com,Female,9074787885
488,Pembroke,Postgate,ppostgatedj@bing.com,Male,9012745144
489,Tades,Jeannin,tjeannindk@skyrock.com,Agender,4938619351
490,Dasi,Sibbert,dsibbertdl@cam.ac.uk,Female,8123568498
491,Craggy,Futcher,cfutcherdm@hubpages.com,Male,4316229604
492,Keslie,Torns,ktornsdn@amazon.com,Female,6068891613
493,Ros,Knottley,rknottleydo@seattletimes.com,Female,3052737130
494,Jaynell,Fray,jfraydp@nydailynews.com,Female,5691612697
495,Helge,Fulk,hfulkdq@ed.gov,Female,6012936679
496,Alvy,Brombell,abrombelldr@amazonaws.com,Male,7519404806
497,Chere,Rosenstengel,crosenstengelds@4shared.com,Female,5935112530
498,Heinrick,Lomis,hlomisdt@hao123.com,Male,3579104409
499,Doris,Spatoni,dspatonidu@soundcloud.com,Female,8401387901
500,Yolande,Gilpillan,ygilpillandv@disqus.com,Non-binary,8312527177
501,Harrietta,Dowley,hdowleydw@skyrock.com,Female,6337765081
502,Meryl,Mc Dermid,mmcdermiddx@statcounter.com,Male,6319969414
503,Bear,Patullo,bpatullody@examiner.com,Male,2286032286
504,Clementius,Ferrari,cferraridz@github.io,Male,1883351274
505,Camala,Kettow,ckettowe0@typepad.com,Female,6994184186
506,Marylynne,Bird,mbirde1@artisteer.com,Female,3655593688
507,Amerigo,Halfhyde,ahalfhydee2@indiegogo.com,Male,7195276348
508,Benedict,Knoble,bknoblee3@ucla.edu,Male,4112242626
509,Ralph,Preedy,rpreedye4@people.com.cn,Male,3168148377
510,Urban,Inglis,uinglise5@macromedia.com,Male,4155282553
511,Sunny,Westbury,swestburye6@webnode.com,Genderfluid,9633328652
512,Fredia,Pidler,fpidlere7@fda.gov,Female,6828635693
513,Augustin,Itzig,aitzige8@creativecommons.org,Male,9854532983
514,Portia,Chapelhow,pchapelhowe9@va.gov,Polygender,7391790818
515,Wolf,Gregorio,wgregorioea@parallels.com,Male,9709243490
516,Davidde,Biaggioli,dbiaggiolieb@histats.com,Male,8367744353
517,Howard,Jakoub,hjakoubec@kickstarter.com,Male,6603612626
518,Nolan,Kington,nkingtoned@census.gov,Male,5718666984
519,Heather,Bahl,hbahlee@census.gov,Female,6459533099
520,Annelise,Ioannidis,aioannidisef@dell.com,Female,5738242762
521,Shoshanna,Bawden,sbawdeneg@woothemes.com,Female,5463375016
522,Ernst,Morgan,emorganeh@fotki.com,Genderfluid,3403809358
523,Osbourn,Gwalter,ogwalterei@gnu.org,Male,4238848454
524,Palm,O'Kerin,pokerinej@altervista.org,Male,3273266978
525,Katrinka,Guare,kguareek@si.edu,Female,8634647007
526,Karilynn,Catford,kcatfordel@storify.com,Female,2819986903
527,Eberhard,Amsberger,eamsbergerem@pen.io,Bigender,1681092210
528,Elwyn,Andreacci,eandreaccien@topsy.com,Male,8728133639
529,Orren,Fouldes,ofouldeseo@mlb.com,Male,7941541621
530,Layton,Humfrey,lhumfreyep@skyrock.com,Male,3767879877
531,Carlotta,Melding,cmeldingeq@goo.ne.jp,Female,6361036741
532,Finn,Creak,fcreaker@netlog.com,Male,6162915267
533,Mercie,Kayley,mkayleyes@goo.gl,Female,3088519309
534,Rabbi,Livock,rlivocket@ebay.com,Male,5921755178
535,Roz,Peris,rperiseu@etsy.com,Non-binary,8132362190
536,Grant,Polye,gpolyeev@usatoday.com,Male,6091329940
537,Smith,Whyke,swhykeew@senate.gov,Male,8993619444
538,Emma,McGown,emcgownex@wikipedia.org,Female,5463824416
539,Reece,Ruddock,rruddockey@themeforest.net,Male,8264277026
540,Aeriela,Eacott,aeacottez@wunderground.com,Female,3785662694
541,Orland,Whitworth,owhitworthf0@multiply.com,Male,8263245778
542,Modesty,Wharlton,mwharltonf1@google.com.hk,Female,4992724504
543,Cathe,Clarke,cclarkef2@mail.ru,Female,4278577461
544,Aubree,Epdell,aepdellf3@taobao.com,Female,2718926239
545,Warden,Seyers,wseyersf4@tumblr.com,Male,6001503165
546,Neil,Tremmil,ntremmilf5@sohu.com,Male,4025731685
547,Merrile,Mantha,mmanthaf6@ezinearticles.com,Female,7644559309
548,Lurette,Elby,lelbyf7@statcounter.com,Female,4349192107
549,Nikoletta,Oxburgh,noxburghf8@gizmodo.com,Female,7346322630
550,King,Venner,kvennerf9@vistaprint.com,Male,7407348074
551,Wynne,Syder,wsyderfa@opensource.org,Female,6657220454
552,Rachelle,McCarrick,rmccarrickfb@wufoo.com,Non-binary,5084577781
553,Reid,Lowsely,rlowselyfc@go.com,Male,7192465662
554,Grata,Dorgan,gdorganfd@chron.com,Female,7421345024
555,Carmelia,Beevers,cbeeversfe@a8.net,Female,8633959874
556,Jasper,MacCaffery,jmaccafferyff@msu.edu,Male,3399172811
557,Nola,Burford,nburfordfg@arizona.edu,Female,9609675311
558,Thorsten,Quelch,tquelchfh@technorati.com,Genderqueer,4249397046
559,Lanna,Catley,lcatleyfi@blog.com,Female,2404718510
560,Annmaria,Babin,ababinfj@redcross.org,Female,4941924835
561,Carlo,Wingeatt,cwingeattfk@posterous.com,Male,9056634593
562,Judie,McCluney,jmccluneyfl@elpais.com,Female,2226429874
563,Adoree,Keller,akellerfm@nytimes.com,Female,6754286874
564,Roland,Gaughan,rgaughanfn@reddit.com,Male,8494877916
565,Jo-anne,Breadon,jbreadonfo@usnews.com,Female,8528608802
566,Darleen,Osgar,dosgarfp@state.tx.us,Genderfluid,1037925912
567,Hilliary,Pratt,hprattfq@nsw.gov.au,Female,2643753132
568,Will,Canet,wcanetfr@moonfruit.com,Male,9763817252
569,Hugo,Trelease,htreleasefs@aboutads.info,Male,8962075702
570,Clayton,Keelin,ckeelinft@google.com.hk,Male,2467221150
571,Allissa,Thing,athingfu@sbwire.com,Female,5676146810
572,Durward,Menear,dmenearfv@xrea.com,Male,1171627958
573,Eamon,Gosnoll,egosnollfw@miibeian.gov.cn,Male,3922016300
574,Elsie,Sedman,esedmanfx@theglobeandmail.com,Female,1343454569
575,Barthel,Niemetz,bniemetzfy@hexun.com,Male,2622103958
576,Lutero,Maiklem,lmaiklemfz@hatena.ne.jp,Male,4247777170
577,Madge,Meiklem,mmeiklemg0@rambler.ru,Female,5605377920
578,Agna,Marusic,amarusicg1@unicef.org,Female,7766462246
579,Caleb,O' Neligan,coneligang2@telegraph.co.uk,Male,1391873146
580,Putnem,Rennox,prennoxg3@yandex.ru,Polygender,4511222714
581,Darin,Mobberley,dmobberleyg4@wordpress.com,Male,4545543421
582,Candice,Daniellot,cdaniellotg5@rakuten.co.jp,Female,4188843285
583,Phyllida,Rodmell,prodmellg6@chicagotribune.com,Female,1059923095
584,Bren,Erley,berleyg7@4shared.com,Male,8099812219
585,Jeremie,Barwise,jbarwiseg8@sogou.com,Male,3226879450
586,Jazmin,Elloit,jelloitg9@amazon.co.uk,Female,9309587541
587,Reginauld,Pennino,rpenninoga@psu.edu,Male,1131432373
588,Micky,Nugent,mnugentgb@unblog.fr,Male,8054677495
589,Ode,Godlonton,ogodlontongc@adobe.com,Male,7735920765
590,Germayne,Stedall,gstedallgd@imageshack.us,Male,1143583657
591,Glynn,Ashelford,gashelfordge@dailymotion.com,Male,6834454774
592,Murial,McGahey,mmcgaheygf@last.fm,Female,2222909551
593,Dionis,Guillotin,dguillotingg@naver.com,Female,2501860048
594,Tyler,Aylmer,taylmergh@pbs.org,Male,3955857124
595,Abby,Cheatle,acheatlegi@wired.com,Female,5398851214
596,Andriana,Piesing,apiesinggj@devhub.com,Female,5286413318
597,Conney,Coate,ccoategk@storify.com,Polygender,7587520011
598,Basile,Rizon,brizongl@fema.gov,Male,4173963738
599,Heda,Tongs,htongsgm@tinyurl.com,Female,2395910866
600,Rick,Kester,rkestergn@pbs.org,Bigender,2128239611
601,Sara,Lantaph,slantaphgo@nifty.com,Female,8352809236
602,Gilbertina,Matussevich,gmatussevichgp@blogs.com,Female,1547211073
603,Boote,Pacht,bpachtgq@craigslist.org,Male,5458094940
604,Trista,Mattisson,tmattissongr@altervista.org,Female,2843345168
605,Smith,Petrolli,spetrolligs@theguardian.com,Male,4697347911
606,August,Thomasset,athomassetgt@creativecommons.org,Non-binary,5549732901
607,Roberta,Clapham,rclaphamgu@google.it,Female,3287590603
608,Corabella,McCheyne,cmccheynegv@issuu.com,Female,9605153809
609,Orelie,Garlette,ogarlettegw@oakley.com,Non-binary,5993595597
610,Eadie,Turrell,eturrellgx@google.co.jp,Female,4447058516
611,Toinette,Ashbolt,tashboltgy@parallels.com,Female,2264074055
612,Clarke,Darby,cdarbygz@ft.com,Male,6389508222
613,Clywd,Tebbit,ctebbith0@prnewswire.com,Male,2372332189
614,Reinold,Gave,rgaveh1@umn.edu,Male,8727525440
615,Victoria,Wiltshire,vwiltshireh2@upenn.edu,Female,2909477931
616,Christos,Jolly,cjollyh3@psu.edu,Male,7907584204
617,Annmaria,Shemilt,ashemilth4@so-net.ne.jp,Female,7624891161
618,Poppy,Drinan,pdrinanh5@wired.com,Female,9555152938
619,Marianne,Karchewski,mkarchewskih6@tripod.com,Female,8782020252
620,Sherwood,Attfield,sattfieldh7@cnn.com,Male,8057344382
621,Tadeas,Dumbleton,tdumbletonh8@last.fm,Male,4454785448
622,Igor,Teall,iteallh9@technorati.com,Bigender,9679911581
623,Charlot,Lynnett,clynnettha@ask.com,Female,5518608937
624,Karney,Humblestone,khumblestonehb@globo.com,Male,7023717123
625,Prescott,Thoumasson,pthoumassonhc@skyrock.com,Male,6906957056
626,Arron,Fawke,afawkehd@purevolume.com,Male,5434053565
627,Cathlene,Mainson,cmainsonhe@nasa.gov,Female,7369378214
628,Pippy,Humphrey,phumphreyhf@cpanel.net,Female,5011156567
629,Georgy,Ould,gouldhg@theatlantic.com,Male,9154338474
630,Charo,Dewberry,cdewberryhh@altervista.org,Female,8358673462
631,Thorny,Feedome,tfeedomehi@sbwire.com,Male,3106069036
632,Culver,Ferretti,cferrettihj@nymag.com,Male,4246782037
633,Gaspar,Klousner,gklousnerhk@wisc.edu,Male,9669532896
634,Guy,Stallibrass,gstallibrasshl@imdb.com,Male,2799449639
635,Rycca,Penritt,rpenritthm@archive.org,Female,8884243992
636,Tally,Haswall,thaswallhn@yellowpages.com,Female,8043518888
637,Gweneth,Pairpoint,gpairpointho@bravesites.com,Female,2428976832
638,Viviana,Varvell,vvarvellhp@51.la,Female,3576776990
639,Ibbie,Talbot,italbothq@arstechnica.com,Female,8846357267
640,Nolly,Perrycost,nperrycosthr@businesswire.com,Male,1065876858
641,Maxie,Alywen,malywenhs@slideshare.net,Bigender,4539277264
642,Hermann,Pinckney,hpinckneyht@elegantthemes.com,Male,1843908388
643,Prince,Mullany,pmullanyhu@sitemeter.com,Polygender,1323061061
644,Brok,Moncarr,bmoncarrhv@aboutads.info,Male,1621141401
645,Georgi,MacKereth,gmackerethhw@samsung.com,Male,8005539062
646,Emmy,Lightfoot,elightfoothx@mozilla.com,Male,4516032818
647,Hunt,Crunkhurn,hcrunkhurnhy@seattletimes.com,Male,3146123627
648,Dino,Dinsdale,ddinsdalehz@example.com,Male,2792564742
649,Malachi,Oki,mokii0@ezinearticles.com,Male,2009837688
650,Gertrud,Garey,ggareyi1@cnet.com,Female,7028834146
651,Elvyn,Di Lucia,ediluciai2@amazon.co.jp,Bigender,9828765618
652,Giovanna,Huitt,ghuitti3@123-reg.co.uk,Female,4469612018
653,Hanni,Thackwray,hthackwrayi4@nature.com,Female,2592273072
654,Larissa,Doniso,ldonisoi5@google.nl,Female,6109269281
655,Darsie,Jeanel,djeaneli6@mtv.com,Female,5924501954
656,Pernell,Hodjetts,phodjettsi7@ezinearticles.com,Male,9272702503
657,Calv,Standen,cstandeni8@webeden.co.uk,Male,1025907516
658,Genny,Albarez,galbarezi9@newyorker.com,Agender,8605988890
659,Guillemette,Skoughman,gskoughmania@ox.ac.uk,Female,5286623124
660,Benji,Sherrard,bsherrardib@nydailynews.com,Male,5584067351
661,Aloisia,Piddletown,apiddletownic@imdb.com,Female,6812755749
662,Madison,Geffinger,mgeffingerid@alibaba.com,Male,9836407312
663,Grata,Hooban,ghoobanie@virginia.edu,Female,8083777721
664,Miriam,Lazonby,mlazonbyif@ask.com,Female,5141440433
665,Dorry,Shimwell,dshimwellig@ox.ac.uk,Female,8605820470
666,Aubrey,Cullrford,acullrfordih@cbsnews.com,Male,1041958407
667,Haily,Gouck,hgouckii@squidoo.com,Polygender,4502948171
668,Arel,Brayfield,abrayfieldij@businessinsider.com,Male,6142421639
669,Arron,Schirok,aschirokik@engadget.com,Male,9858940331
670,Nelly,Mc Gee,nmcgeeil@nba.com,Female,8402609295
671,Gregorio,Pitceathly,gpitceathlyim@google.com,Male,4179532298
672,Vickie,Starrs,vstarrsin@aboutads.info,Genderqueer,4295631852
673,Port,Gadsby,pgadsbyio@narod.ru,Male,2643671464
674,Maribeth,Gotobed,mgotobedip@mlb.com,Female,6689637192
675,Boonie,MacSporran,bmacsporraniq@blog.com,Male,8582370206
676,Kass,Doget,kdogetir@baidu.com,Female,7636757379
677,Casey,Killbey,ckillbeyis@princeton.edu,Male,4946216702
678,Willey,Ashforth,washforthit@paypal.com,Male,6035880172
679,Joscelin,Mawdsley,jmawdsleyiu@canalblog.com,Female,4014883844
680,Amelina,Schistl,aschistliv@linkedin.com,Female,8813162234
681,Mella,Thecham,mthechamiw@tinypic.com,Female,9889809498
682,Kalinda,Wharram,kwharramix@symantec.com,Female,3317934613
683,Dinnie,Maynard,dmaynardiy@ted.com,Female,6226889694
684,Jane,Hustler,jhustleriz@nih.gov,Female,8552093368
685,Smith,Thripp,sthrippj0@1und1.de,Male,8688845016
686,Suzann,Weatherburn,sweatherburnj1@jalbum.net,Female,9406547274
687,Hart,Armour,harmourj2@fotki.com,Male,4437044296
688,Amity,Liepins,aliepinsj3@wikia.com,Female,1019574424
689,Olivie,O'Teague,ooteaguej4@vkontakte.ru,Female,4337035394
690,Ethel,Berget,ebergetj5@yandex.ru,Female,1654640211
691,Patricio,Schimek,pschimekj6@canalblog.com,Male,7723824629
692,Darnell,Simonetti,dsimonettij7@trellian.com,Male,8463926849
693,Phil,Crasswell,pcrasswellj8@yellowpages.com,Female,6163326082
694,Cherri,Iacovino,ciacovinoj9@google.ru,Female,7752774053
695,Allyn,Potapczuk,apotapczukja@rambler.ru,Female,3108951153
696,Coretta,Edeler,cedelerjb@friendfeed.com,Female,6206148692
697,Basile,Dudenie,bdudeniejc@cornell.edu,Male,3772167483
698,Finlay,Berrey,fberreyjd@ox.ac.uk,Male,7482471711
699,Eugenius,Lissenden,elissendenje@sbwire.com,Male,7744719716
700,Jobina,Klimshuk,jklimshukjf@cornell.edu,Female,9982408462
701,Ingaberg,Cambell,icambelljg@rakuten.co.jp,Female,4725802708
702,Felita,Ruslinge,fruslingejh@patch.com,Genderfluid,9947413529
703,Stearn,Bonallack,sbonallackji@apple.com,Male,9774997770
704,Jackson,Withams,jwithamsjj@google.ru,Male,1393260274
705,Daryn,Boshere,dbosherejk@about.me,Female,4201395818
706,Kaleb,More,kmorejl@51.la,Male,1691040448
707,Mitzi,Gianilli,mgianillijm@mashable.com,Female,6216400686
708,Darelle,Manon,dmanonjn@google.it,Female,1448643427
709,Cirillo,Aplin,caplinjo@seesaa.net,Male,1448667153
710,Alisa,Edards,aedardsjp@vkontakte.ru,Female,2817950386
711,Wolfy,Mouse,wmousejq@woothemes.com,Genderfluid,2541979067
712,Baldwin,Sleigh,bsleighjr@i2i.jp,Male,7547856110
713,Cally,Elden,celdenjs@earthlink.net,Female,4627821058
714,Roxie,Notman,rnotmanjt@usgs.gov,Female,5586110732
715,Morrie,O' Mullan,momullanju@blog.com,Male,3839106876
716,Robenia,Eliassen,reliassenjv@cbsnews.com,Female,8789242218
717,Jacinta,Bremmell,jbremmelljw@bravesites.com,Female,2723452344
718,Tabbie,Pairpoint,tpairpointjx@weebly.com,Male,3648641403
719,Darbee,Puvia,dpuviajy@myspace.com,Male,8125223812
720,Noel,Duchart,nduchartjz@smugmug.com,Male,7175522411
721,Etan,Dulinty,edulintyk0@forbes.com,Male,2732714048
722,Kylie,Risbie,krisbiek1@squidoo.com,Male,7046292877
723,Melba,Ainley,mainleyk2@godaddy.com,Female,9531746818
724,Quintin,Prew,qprewk3@tamu.edu,Male,4136578226
725,Frants,Causer,fcauserk4@last.fm,Male,1763477576
726,Dani,Chester,dchesterk5@amazon.de,Male,3743374826
727,Win,Swiffen,wswiffenk6@google.it,Male,4146251914
728,Maurice,Skipsea,mskipseak7@zimbio.com,Male,9565652791
729,Laurene,Gregs,lgregsk8@360.cn,Female,4646994430
730,Jacobo,Doumer,jdoumerk9@washington.edu,Male,7554903484
731,Glenn,Cominotti,gcominottika@cocolog-nifty.com,Genderfluid,5516862270
732,Dill,Erlam,derlamkb@bravesites.com,Male,1589047592
733,Kippy,Ferrari,kferrarikc@dell.com,Male,9198598873
734,Billi,Wenzel,bwenzelkd@squarespace.com,Female,7763778411
735,Dillie,Brearty,dbreartyke@freewebs.com,Male,9955148082
736,Gratia,Scanlin,gscanlinkf@google.com,Genderqueer,4842222111
737,Traver,Marages,tmarageskg@diigo.com,Male,5131936312
738,Rowan,Longmaid,rlongmaidkh@ed.gov,Non-binary,2176066225
739,Roobbie,Millins,rmillinski@storify.com,Female,6855888234
740,Benjy,Andrzejewski,bandrzejewskikj@adobe.com,Bigender,9396634670
741,Padraic,Venable,pvenablekk@mapquest.com,Male,5595351279
742,Godfrey,Fearneley,gfearneleykl@npr.org,Male,1404351063
743,Jed,Birtles,jbirtleskm@cdc.gov,Male,4254094167
744,Cazzie,Lobell,clobellkn@macromedia.com,Male,2475476086
745,Yolanthe,Leadley,yleadleyko@google.de,Female,3625236786
746,Karlee,Leadbitter,kleadbitterkp@paypal.com,Female,3062484639
747,Maye,Swanson,mswansonkq@people.com.cn,Female,7406924048
748,Dulcia,Gabitis,dgabitiskr@livejournal.com,Female,4586023378
749,Petronilla,Chapelhow,pchapelhowks@columbia.edu,Female,9158104930
750,Kellby,Gorey,kgoreykt@chron.com,Male,2653231318
751,Onfre,Piechnik,opiechnikku@w3.org,Male,6894890190
752,Becky,Montel,bmontelkv@webnode.com,Female,7762232799
753,Lolly,Bonavia,lbonaviakw@forbes.com,Female,7619114937
754,Hewett,Birdall,hbirdallkx@amazon.co.uk,Male,8451451885
755,Georg,Pyke,gpykeky@wordpress.com,Bigender,2148142272
756,Edgar,Edgeson,eedgesonkz@google.ca,Male,7579539196
757,Tilda,Kidner,tkidnerl0@adobe.com,Female,1078229325
758,Edan,Sigert,esigertl1@tuttocitta.it,Male,9348989048
759,Aileen,Lenihan,alenihanl2@narod.ru,Female,9692367953
760,Ragnar,Dudden,rduddenl3@opensource.org,Male,5601957402
761,Myrta,Curror,mcurrorl4@europa.eu,Female,5505837709
762,Claretta,Jacquemet,cjacquemetl5@whitehouse.gov,Female,7057879584
763,Meyer,Coules,mcoulesl6@i2i.jp,Male,8468658211
764,Bastien,Sumnall,bsumnalll7@fastcompany.com,Male,3264826664
765,El,Crews,ecrewsl8@behance.net,Male,8437577325
766,Cullen,Luxon,cluxonl9@over-blog.com,Male,8481396160
767,Lizette,Chaldecott,lchaldecottla@japanpost.jp,Genderfluid,5635244303
768,Tore,Ritson,tritsonlb@accuweather.com,Male,5276467793
769,Adi,De Morena,ademorenalc@psu.edu,Female,4195676547
770,Annabela,Scholar,ascholarld@oakley.com,Female,3487941761
771,Sherwin,McKeaveney,smckeaveneyle@reference.com,Male,6267936562
772,Cassaundra,Zannutti,czannuttilf@pen.io,Non-binary,6754849555
773,Stirling,Camellini,scamellinilg@youtu.be,Male,9387812099
774,Bjorn,Pender,bpenderlh@soup.io,Male,1506336141
775,Bordie,Goodsir,bgoodsirli@msu.edu,Male,3819582276
776,Kenton,Sandells,ksandellslj@youku.com,Male,6173327955
777,Trip,Jarret,tjarretlk@jimdo.com,Male,3145009801
778,Enid,Wapple,ewapplell@phpbb.com,Female,5397835733
779,Berri,Sidgwick,bsidgwicklm@yale.edu,Female,4092800298
780,Allyn,Serris,aserrisln@newyorker.com,Female,6108649953
781,Cole,Clelland,cclellandlo@google.pl,Male,6485906298
782,Rodolphe,Ferencz,rferenczlp@wsj.com,Male,5143378365
783,Kendrick,Ronca,kroncalq@weather.com,Male,4751223353
784,Ethel,Harwood,eharwoodlr@answers.com,Female,1038353536
785,Garrek,Gieves,ggievesls@ucoz.ru,Male,8176212442
786,Davidson,Cosley,dcosleylt@miibeian.gov.cn,Male,5865006437
787,Cary,Ligertwood,cligertwoodlu@gravatar.com,Female,8291328395
788,Bo,Spinley,bspinleylv@fc2.com,Male,1785142556
789,Kassi,Halburton,khalburtonlw@weibo.com,Female,6744119815
790,Berkly,Domsalla,bdomsallalx@tinypic.com,Male,5002101043
791,Adelbert,Downgate,adowngately@arstechnica.com,Male,2582297680
792,Celisse,Riddington,criddingtonlz@archive.org,Female,1157989119
793,Isobel,Kidde,ikiddem0@sciencedirect.com,Agender,6474933933
794,Leila,Croy,lcroym1@ftc.gov,Female,8703989269
795,Nat,Enderwick,nenderwickm2@cafepress.com,Male,9466588687
796,Haywood,Germann,hgermannm3@ted.com,Male,8163954611
797,Archy,Asken,aaskenm4@tinyurl.com,Male,3224675909
798,Marcellus,Mattusevich,mmattusevichm5@issuu.com,Male,1561363355
799,Keir,Marousek,kmarousekm6@thetimes.co.uk,Male,3643064410
800,Liana,Kiddle,lkiddlem7@altervista.org,Female,2213652521
801,Leanor,Beynke,lbeynkem8@go.com,Agender,3323661077
802,Jenn,Peppett,jpeppettm9@ft.com,Female,5763801282
803,Vaughn,Anderer,vandererma@nytimes.com,Male,2819190701
804,Marietta,Stitson,mstitsonmb@oracle.com,Bigender,1748848781
805,Julian,Gopsill,jgopsillmc@delicious.com,Bigender,6896208652
806,Blondie,Briscam,bbriscammd@bloglines.com,Genderfluid,3499096361
807,Frank,Burberye,fburberyeme@wunderground.com,Female,6059581453
808,Cecil,Lackmann,clackmannmf@tripadvisor.com,Female,8342240721
809,Blakeley,Georghiou,bgeorghioumg@bloglovin.com,Female,3605818197
810,Addy,Newbery,anewberymh@unc.edu,Female,9087837676
811,Karola,Glisenan,kglisenanmi@merriam-webster.com,Female,6944310802
812,Remington,Yerbury,ryerburymj@youtu.be,Male,1753745118
813,Stern,Stoyell,sstoyellmk@answers.com,Male,1676226903
814,Cherianne,Lindwall,clindwallml@oaic.gov.au,Female,4341932750
815,Kaleena,Dudley,kdudleymm@intel.com,Agender,6953310222
816,Chance,Gresly,cgreslymn@odnoklassniki.ru,Male,9794460172
817,Remus,Winstone,rwinstonemo@nps.gov,Male,7377513448
818,Marianne,Carnduff,mcarnduffmp@histats.com,Female,1357624627
819,Nevile,Archibould,narchibouldmq@sogou.com,Male,3644276732
820,Edouard,Moat,emoatmr@nasa.gov,Male,5298930383
821,Stanfield,Camerati,scameratims@spotify.com,Male,5263712199
822,Martie,McIsaac,mmcisaacmt@economist.com,Male,1438723344
823,Starlene,Ivanyushkin,sivanyushkinmu@npr.org,Non-binary,3025306364
824,Alvis,Gouldeby,agouldebymv@sohu.com,Male,9143970207
825,Shayne,Semrad,ssemradmw@elegantthemes.com,Male,2372038107
826,Clara,Lowres,clowresmx@tuttocitta.it,Female,6047491915
827,Hakeem,Potkin,hpotkinmy@indiatimes.com,Male,7627109811
828,Jaquenetta,Dufty,jduftymz@simplemachines.org,Female,4858468350
829,Nikolai,McNair,nmcnairn0@businessweek.com,Male,5254592947
830,Jill,Triggs,jtriggsn1@yahoo.co.jp,Female,8173335636
831,Haley,Waugh,hwaughn2@sourceforge.net,Female,3914074682
832,Maddy,Okenfold,mokenfoldn3@cocolog-nifty.com,Male,1841153924
833,Elisha,Tender,etendern4@xrea.com,Agender,4191217740
834,Jasmin,Crux,jcruxn5@nyu.edu,Female,4828027246
835,Roi,Crack,rcrackn6@hp.com,Male,2612436137
836,Gratiana,Ricciardo,gricciardon7@dmoz.org,Female,8769611162
837,Ellissa,Janney,ejanneyn8@chron.com,Female,6691176753
838,Nelson,Sharple,nsharplen9@boston.com,Male,6858504177
839,Leonora,Sherratt,lsherrattna@bluehost.com,Female,6143575720
840,Barnard,Espie,bespienb@tumblr.com,Male,5638981616
841,Donia,Joslin,djoslinnc@amazon.co.jp,Female,8618140447
842,Ainsley,Bart,abartnd@qq.com,Female,2521951497
843,Tabbitha,Roberti,trobertine@hud.gov,Female,2315753636
844,Kissee,Hovington,khovingtonnf@wikispaces.com,Female,1366312595
845,Desirae,Cawsey,dcawseyng@wikipedia.org,Female,8924015913
846,Eimile,Suter,esuternh@sitemeter.com,Female,5084438141
847,Mariann,Grint,mgrintni@foxnews.com,Female,6305581024
848,Margarette,Shelborne,mshelbornenj@networksolutions.com,Female,3815293737
849,Calypso,Maxworthy,cmaxworthynk@unesco.org,Female,8709579995
850,Delila,Campagne,dcampagnenl@cloudflare.com,Female,6732911733
851,Tedman,Bateson,tbatesonnm@wufoo.com,Non-binary,6231028856
852,Alejandra,Mewes,amewesnn@merriam-webster.com,Female,4587239208
853,Dix,Rosa,drosano@ustream.tv,Female,9744183551
854,Emilee,Iacovides,eiacovidesnp@uiuc.edu,Female,6583425714
855,Cassandre,Churchill,cchurchillnq@mlb.com,Genderfluid,2115752487
856,Emilio,Coveley,ecoveleynr@huffingtonpost.com,Male,3923857628
857,Jacquelynn,Purseglove,jpurseglovens@wunderground.com,Female,6174130237
858,Cherin,Polleye,cpolleyent@unblog.fr,Polygender,5087478322
859,Maddalena,Hassen,mhassennu@usa.gov,Female,8185887098
860,Ali,Gorthy,agorthynv@ed.gov,Male,5411373878
861,Frasier,McKnish,fmcknishnw@apache.org,Male,3405346130
862,Maighdiln,Filipowicz,mfilipowicznx@uol.com.br,Female,7859207818
863,Odelle,Gallier,ogallierny@exblog.jp,Female,6765148698
864,Di,Guilliland,dguillilandnz@live.com,Female,4797791579
865,Jolee,Streat,jstreato0@npr.org,Female,5153079928
866,Wiatt,Muzzall,wmuzzallo1@arstechnica.com,Male,3657661460
867,Matthieu,Whittall,mwhittallo2@squidoo.com,Male,6979039683
868,Cobby,Basek,cbaseko3@psu.edu,Male,6367084490
869,Othilia,Thackston,othackstono4@va.gov,Female,7615949018
870,Mendel,McGucken,mmcguckeno5@vistaprint.com,Male,3125253607
871,Letti,Lednor,llednoro6@twitpic.com,Female,6985503423
872,Jessie,Baude,jbaudeo7@privacy.gov.au,Female,7453971632
873,Lark,Carbert,lcarberto8@twitter.com,Female,8661039350
874,Amble,Jaray,ajarayo9@economist.com,Male,1206664932
875,Ashbey,Raywood,araywoodoa@yandex.ru,Male,2916275280
876,Johnna,Dymock,jdymockob@nps.gov,Female,3721381197
877,Caprice,Norwell,cnorwelloc@list-manage.com,Female,7385654295
878,Skylar,Janusz,sjanuszod@yahoo.com,Non-binary,4869837262
879,Killian,Shrubsall,kshrubsalloe@sogou.com,Male,3363937709
880,Dom,Filoniere,dfiloniereof@nasa.gov,Male,5318937811
881,Flin,Heeney,fheeneyog@linkedin.com,Male,6105596459
882,Catherine,McAdam,cmcadamoh@phoca.cz,Female,4694135516
883,Jeannie,Nono,jnonooi@symantec.com,Female,7831575981
884,Myriam,Pither,mpitheroj@harvard.edu,Female,4366007619
885,Aldous,Orys,aorysok@hugedomains.com,Male,2807236167
886,Marlowe,Ronaldson,mronaldsonol@sina.com.cn,Male,2626533747
887,Payton,Beeson,pbeesonom@opera.com,Male,4039360249
888,Alex,Vedekhov,avedekhovon@buzzfeed.com,Female,4584468150
889,Ricard,Mendes,rmendesoo@nymag.com,Male,7578233926
890,Goddard,Connachan,gconnachanop@angelfire.com,Male,6221505563
891,Jeremias,Klaas,jklaasoq@adobe.com,Male,6012911779
892,Remington,Cabrer,rcabreror@stanford.edu,Non-binary,8141397810
893,Jan,Limb,jlimbos@ehow.com,Male,7809928174
894,Mae,Blewmen,mblewmenot@uiuc.edu,Female,7007697079
895,Jaquelin,Storrier,jstorrierou@cpanel.net,Female,1998185608
896,Hesther,Bucktharp,hbucktharpov@admin.ch,Female,5034785564
897,Clarine,Huetson,chuetsonow@irs.gov,Female,4737628756
898,Mariellen,Spiby,mspibyox@ft.com,Female,2736730039
899,Carson,Dripps,cdrippsoy@un.org,Male,8659615796
900,Hal,Championnet,hchampionnetoz@bbb.org,Male,6956765172
901,Kellen,Parlor,kparlorp0@businessinsider.com,Male,6619455899
902,Dalila,Erie,deriep1@shutterfly.com,Female,2271446469
903,Hillary,Samarth,hsamarthp2@drupal.org,Male,2728875327
904,Waiter,Dykins,wdykinsp3@jimdo.com,Male,5725851669
905,Krystle,Seine,kseinep4@bbb.org,Female,5176558128
906,Lynnell,Foden,lfodenp5@exblog.jp,Bigender,3705894589
907,Karylin,Corke,kcorkep6@1688.com,Female,7258807526
908,Cornela,Saile,csailep7@scientificamerican.com,Female,6256426203
909,Josie,Halleday,jhalledayp8@yolasite.com,Female,4993537536
910,Hugibert,Kunc,hkuncp9@samsung.com,Agender,8229627403
911,Wileen,Organer,worganerpa@hexun.com,Female,6974842457
912,Laney,Laingmaid,llaingmaidpb@163.com,Male,7864765978
913,Ailsun,Clyburn,aclyburnpc@linkedin.com,Female,7022338360
914,Sela,Androletti,sandrolettipd@rambler.ru,Female,2169804755
915,Kiel,Antonignetti,kantonignettipe@nbcnews.com,Male,2471228478
916,Samara,Blindmann,sblindmannpf@xing.com,Female,5329286549
917,Nataline,Outram,noutrampg@army.mil,Bigender,7062892163
918,Saundra,Yelden,syeldenph@nbcnews.com,Male,2534293623
919,Putnam,Andreuzzi,pandreuzzipi@ted.com,Male,8323575535
920,Kirsten,Shepperd,kshepperdpj@sbwire.com,Female,3086675765
921,Warner,Elintune,welintunepk@amazon.co.uk,Male,7425689107
922,Merrily,Wilmott,mwilmottpl@washington.edu,Female,1767726982
923,Tracie,D'Antuoni,tdantuonipm@webmd.com,Male,1905256902
924,Biddy,Cuschieri,bcuschieripn@ning.com,Female,4184624399
925,Eulalie,Quadling,equadlingpo@tinypic.com,Genderqueer,7186766383
926,Cortney,Paynes,cpaynespp@bravesites.com,Female,6173312349
927,Rollie,Clampe,rclampepq@unesco.org,Male,6924477269
928,Franny,Abbotts,fabbottspr@loc.gov,Female,7588518279
929,Cullin,McNeish,cmcneishps@hc360.com,Male,5955064109
930,Nadeen,Ferbrache,nferbrachept@desdev.cn,Female,8294643546
931,Berri,Portinari,bportinaripu@amazon.co.jp,Female,1971012976
932,Carmita,Heffy,cheffypv@quantcast.com,Female,8965798875
933,Ag,Jammet,ajammetpw@fema.gov,Female,1486183376
934,Estrella,Wilcockes,ewilcockespx@nhs.uk,Female,5707214759
935,Adore,Mordaunt,amordauntpy@bloglines.com,Female,6253534948
936,Nappy,Browning,nbrowningpz@lulu.com,Male,8458547299
937,Teressa,Gathercoal,tgathercoalq0@altervista.org,Female,3319595004
938,Nessa,Bowne,nbowneq1@cloudflare.com,Female,8687304883
939,Jephthah,Dillistone,jdillistoneq2@vistaprint.com,Male,6127038073
940,Montague,Roblin,mroblinq3@furl.net,Male,9256406062
941,Conway,Kettoe,ckettoeq4@moonfruit.com,Male,3911386177
942,Dorrie,Valentinuzzi,dvalentinuzziq5@etsy.com,Female,6972853647
943,Isobel,Call,icallq6@sohu.com,Female,7448312379
944,Dannie,Lanfranconi,dlanfranconiq7@nifty.com,Male,7426699366
945,Eziechiele,Lindhe,elindheq8@desdev.cn,Male,5751711683
946,Jay,Foxworthy,jfoxworthyq9@bizjournals.com,Male,3508839441
947,Herve,Fowden,hfowdenqa@cbc.ca,Genderfluid,3498063844
948,Gus,Stollwerck,gstollwerckqb@technorati.com,Female,9703052706
949,Nicki,Aers,naersqc@jalbum.net,Female,8828420256
950,Laverne,Harrowsmith,lharrowsmithqd@exblog.jp,Female,3018046733
951,Berenice,Dubble,bdubbleqe@google.com.hk,Female,8659035381
952,Ford,Reiach,freiachqf@youtube.com,Male,7789448035
953,Coleman,Bloss,cblossqg@cpanel.net,Male,2998859517
954,Octavia,McQuillan,omcquillanqh@tumblr.com,Female,5572531399
955,Alex,Bulch,abulchqi@icq.com,Male,2645765690
956,Jessy,Assel,jasselqj@tinyurl.com,Female,7584495818
957,Jed,Lymer,jlymerqk@tumblr.com,Agender,6595537087
958,Vivienne,Proger,vprogerql@weibo.com,Female,6191584241
959,Hersh,Kondratenko,hkondratenkoqm@issuu.com,Male,7866093142
960,Gunter,Cornelius,gcorneliusqn@admin.ch,Male,2052765344
961,Caresse,Noteyoung,cnoteyoungqo@nationalgeographic.com,Female,3314829062
962,Laughton,Livingston,llivingstonqp@discuz.net,Male,2902866811
963,Nappie,Lacroux,nlacrouxqq@technorati.com,Male,7065972085
964,Gustav,Costin,gcostinqr@aol.com,Male,5326818719
965,Ole,Wolfers,owolfersqs@technorati.com,Male,9789403277
966,Alli,Winterflood,awinterfloodqt@china.com.cn,Female,2178797350
967,Archaimbaud,Broadnicke,abroadnickequ@angelfire.com,Male,8579816398
968,Stillmann,Vida,svidaqv@godaddy.com,Male,2735001215
969,Darren,Etock,detockqw@com.com,Male,2373646735
970,Cornela,Satyford,csatyfordqx@slideshare.net,Female,8694904917
971,Monah,Tinner,mtinnerqy@opensource.org,Female,1276476915
972,Blair,Simner,bsimnerqz@archive.org,Non-binary,8055794813
973,Mattie,Ghent,mghentr0@people.com.cn,Male,9084518543
974,Hubert,Scholard,hscholardr1@yellowbook.com,Male,5214176749
975,Sacha,Trase,straser2@ebay.com,Female,2965907091
976,Carlota,Radclyffe,cradclyffer3@ucoz.ru,Female,1663560550
977,Terrill,Clissell,tclissellr4@dyndns.org,Male,2767572887
978,Petronille,Bedell,pbedellr5@cocolog-nifty.com,Non-binary,7546862083
979,Antonie,Nutman,anutmanr6@alexa.com,Female,9073797989
980,Emilee,Kenaway,ekenawayr7@ycombinator.com,Female,8415185331
981,Randy,Woollard,rwoollardr8@edublogs.org,Genderqueer,3554181205
982,Devon,Worral,dworralr9@ted.com,Female,4419570356
983,Vere,Malling,vmallingra@artisteer.com,Female,1463241726
984,Nikolos,Bending,nbendingrb@delicious.com,Male,1628705354
985,Jared,Dyshart,jdyshartrc@rambler.ru,Male,3108165574
986,Arni,Yeell,ayeellrd@slashdot.org,Male,3914016425
987,Sydelle,Levay,slevayre@google.com,Bigender,3383719338
988,Gaultiero,Marcone,gmarconerf@wordpress.com,Male,5253170531
989,Thorn,Tripean,ttripeanrg@google.de,Male,1206587749
990,Carey,Kynan,ckynanrh@slate.com,Male,1127162684
991,Bobbette,Hand,bhandri@nydailynews.com,Female,6712182505
992,Guinna,Margiotta,gmargiottarj@cbc.ca,Female,5123277276
993,Rochelle,Cookson,rcooksonrk@miitbeian.gov.cn,Female,6683787105
994,Tersina,Bariball,tbariballrl@xrea.com,Female,2075984129
995,Siward,Easdon,seasdonrm@edublogs.org,Male,4075500477
996,Stefan,Van den Hof,svandenhofrn@zimbio.com,Male,8536981408
997,Giralda,Yakunchikov,gyakunchikovro@nih.gov,Female,2636695261
998,Agustin,Jellyman,ajellymanrp@google.de,Male,7092101359
999,Jere,Mayo,jmayorq@odnoklassniki.ru,Bigender,2772824433
1000,Ransell,Tidball,rtidballrr@nydailynews.com,Male,9269076798
