id,first_name,last_name,email,gender,number
1,Robinett,Sitwell,rsitwell0@harvard.edu,Female,385.61
,,,,,
3,Jobi,Hallgath,jhallgath2@geocities.com,Female,521.61
4,Anallise,Lathwell,alathwell3@nifty.com,Female,715.49
5,,Sacchetti,dsacchetti4@multiply.com,Female,395.41
6,Cindy,Danzelman,cdanzelman5@about.me,Female,463.9
7,,Gobeau,ggobeau6@feedburner.com,Female,298.26
8,,Ziehms,fziehms7@behance.net,Male,216.7
9,Josephine,Markie,jmarkie8@clickbank.net,Female,956.08
10,Madelina,Almeida,malmeida9@fotki.com,Female,547.79
11,Garrett,Burgon,gburgona@biblegateway.com,Male,48.41
12,Bili,Gear,bgearb@tuttocitta.it,Female,880.56
13,Creight,Santos,csantosc@com.com,,746.5
14,Xever,Dils,xdilsd@sciencedirect.com,Polygender,611.9
15,Kerianne,Fant,kfante@cornell.edu,Bigender,953.36
16,,Gentiry,cgentiryf@independent.co.uk,Female,351.43
17,Britteny,Caso,bcasog@umn.edu,Female,300.11
18,Udell,Brimming,ubrimmingh@edublogs.org,Male,429.17
19,,Dominguez,jdominguezi@squarespace.com,Male,899.69
20,Guilbert,Fattorini,gfattorinij@lycos.com,,769.84
21,Melony,Audsley,maudsleyk@tinypic.com,Female,379.22
22,Nikki,Frowen,nfrowenl@geocities.jp,Bigender,913.75
23,Shelley,Leahair,sleahairm@fastcompany.com,,416.43
24,Dorthy,Pavolillo,dpavolillon@mozilla.org,Female,401.65
25,Michell,Ludwig,mludwigo@hao123.com,Female,635.84
26,Lishe,Naul,lnaulp@smh.com.au,,730.96
27,Matilda,Element,melementq@digg.com,Female,937.09
28,Karney,Lapre,klaprer@ucoz.ru,Male,655.87
29,,Berndt,cberndts@technorati.com,Male,773.59
30,Shurlock,Fernehough,sfernehought@businessweek.com,,895.33
31,Archie,Delgado,adelgadou@weibo.com,Male,115.08
32,Kaylil,Burril,kburrilv@addthis.com,Female,269.24
33,Shaine,Gudyer,sgudyerw@discovery.com,Genderfluid,350.42
34,Ailee,Raff,araffx@bigcartel.com,,161.2
35,Frants,Daal,fdaaly@businesswire.com,Male,904.83
36,Hube,Marris,hmarrisz@yandex.ru,Male,354.02
37,Ardelia,Thaine,athaine10@comsenz.com,Female,165.9
38,,Isbell,tisbell11@twitpic.com,Male,356.02
39,Mamie,Abdey,mabdey12@cyberchimps.com,Female,175.94
40,Claretta,Treweela,ctreweela13@hibu.com,Female,359.98
41,Sephira,Beeching,sbeeching14@imdb.com,Female,557.43
42,,Gisburn,tgisburn15@statcounter.com,Male,453.74
43,Kit,Shimmans,kshimmans16@google.com.hk,,329.35
44,Pauly,Benham,pbenham17@cisco.com,Male,471.37
45,Jamie,Lindermann,jlindermann18@dropbox.com,Female,337.52
46,Alaster,Christofol,achristofol19@so-net.ne.jp,Bigender,624.06
47,Doretta,Asals,dasals1a@blogger.com,Polygender,484.25
48,Yevette,Selliman,yselliman1b@weibo.com,Female,617.87
49,Ichabod,Cyphus,icyphus1c@mozilla.org,,15.64
50,Ginevra,Lucio,glucio1d@bbb.org,Polygender,805.98
51,Rollins,Maidstone,rmaidstone1e@indiegogo.com,Male,369.5
52,Mallory,Hardwicke,mhardwicke1f@altervista.org,Male,142.34
53,Tulley,Rogerson,trogerson1g@cdbaby.com,,873.51
54,Johanna,Petrushkevich,jpetrushkevich1h@oracle.com,Female,600.97
55,,Breddy,mbreddy1i@elegantthemes.com,Male,867.14
56,Innis,Curman,icurman1j@umich.edu,Male,414.75
57,Domini,Varrow,dvarrow1k@amazon.de,Non-binary,413.84
58,Sonia,Schaffler,sschaffler1l@msu.edu,Female,396.22
59,Elsinore,Pestridge,epestridge1m@answers.com,Female,239.74
60,Russell,Hehir,rhehir1n@xrea.com,Male,706.39
61,Stanleigh,Jurgenson,sjurgenson1o@walmart.com,,271.15
62,Renado,Village,rvillage1p@shutterfly.com,Male,716.88
63,Irvine,Splevin,isplevin1q@ezinearticles.com,Male,245.14
64,Edlin,MacIlraith,emacilraith1r@europa.eu,Male,831.67
65,Devonne,Khoter,dkhoter1s@plala.or.jp,Female,955.21
66,Ewan,Thurstance,ethurstance1t@newyorker.com,Male,829.67
67,Benedict,Obert,bobert1u@qq.com,Male,704.56
68,Bride,Stockle,bstockle1v@mashable.com,,299.96
69,Arvy,Bemment,abemment1w@dmoz.org,Genderqueer,866.45
70,Daniela,Jindracek,djindracek1x@nbcnews.com,Female,803.23
71,Jethro,Tangye,jtangye1y@hostgator.com,Agender,842.72
72,Devlin,Cockaday,dcockaday1z@lulu.com,Male,322.22
73,Oliviero,Warkup,owarkup20@spiegel.de,Male,270.4
74,,Ferrini,rferrini21@wunderground.com,Female,134.28
75,Olvan,Tollett,otollett22@phpbb.com,Male,173.98
76,Beth,Minguet,bminguet23@com.com,Female,746.36
77,Ali,MacCroary,amaccroary24@skyrock.com,Male,336.57
78,Otto,Bevans,obevans25@house.gov,Male,313.2
79,Shalne,Basili,sbasili26@ebay.co.uk,,726.78
80,Ker,Paxeford,kpaxeford27@usgs.gov,Male,598.39
81,Olivier,Russan,orussan28@51.la,Male,200.81
82,Elwood,Goodred,egoodred29@narod.ru,Male,436.89
83,,Skule,tskule2a@networksolutions.com,Male,70.53
84,Analiese,Espinola,aespinola2b@hao123.com,,699.08
85,Tisha,Raybould,traybould2c@paypal.com,Female,762.37
86,Amalle,Dulinty,adulinty2d@deliciousdays.com,Female,380.0
87,Ronda,Folbig,rfolbig2e@apache.org,Female,635.39
88,Dion,Simoneton,dsimoneton2f@ebay.co.uk,Male,408.43
89,Gladys,Lattimore,glattimore2g@canalblog.com,Female,59.42
90,Berne,Ugo,bugo2h@myspace.com,Male,157.5
91,Rorke,Joanaud,rjoanaud2i@edublogs.org,Male,149.21
92,Collen,Marchand,cmarchand2j@over-blog.com,Female,627.62
93,Maximilien,Mum,mmum2k@statcounter.com,Male,844.18
94,Artemus,Wogden,awogden2l@soundcloud.com,Male,820.05
95,Raffarty,Tremouille,rtremouille2m@a8.net,Male,314.54
96,,Licciardi,dlicciardi2n@biblegateway.com,Agender,37.05
97,Martino,Hinnerk,mhinnerk2o@seesaa.net,Male,342.87
98,Bret,Pendrich,bpendrich2p@tripadvisor.com,Male,839.01
99,Eb,Ince,eince2q@google.es,Male,192.87
100,Lowe,Hernik,lhernik2r@ebay.co.uk,Male,928.96
101,Fayette,Orteu,forteu2s@fotki.com,,766.2
102,Arty,Butterworth,abutterworth2t@forbes.com,,342.83
103,Babara,Tethcote,btethcote2u@quantcast.com,Female,607.49
104,Nickolaus,Lapree,nlapree2v@blogtalkradio.com,Male,74.06
105,Mair,Dayes,mdayes2w@mtv.com,Female,62.36
106,Tansy,Kitchingman,tkitchingman2x@diigo.com,,236.36
107,Chelsae,Eltune,celtune2y@soup.io,Female,637.55
108,Anthony,Haylett,ahaylett2z@creativecommons.org,Genderfluid,490.18
109,Dorene,Donaldson,ddonaldson30@fc2.com,,792.16
110,Dori,Leavens,dleavens31@yellowpages.com,,717.22
111,Martie,Pennycuick,mpennycuick32@freewebs.com,Male,124.09
112,Devon,Christon,dchriston33@w3.org,Female,11.87
113,Gordan,Timcke,gtimcke34@tinypic.com,Male,120.93
114,Hammad,Kenright,hkenright35@yale.edu,Male,753.88
115,Rowen,Adanet,radanet36@github.io,Male,665.51
116,Zebulen,Basini-Gazzi,zbasinigazzi37@nytimes.com,Male,812.24
117,Jayme,Kellegher,jkellegher38@smugmug.com,,114.33
118,Teodoro,Hazeldene,thazeldene39@omniture.com,,923.6
119,North,Blaiklock,nblaiklock3a@yellowpages.com,Male,230.89
120,Zechariah,Hariot,zhariot3b@abc.net.au,Male,528.28
121,,Hengoed,fhengoed3c@ft.com,Male,422.16
122,Michel,Stefanovic,mstefanovic3d@vinaora.com,Male,429.93
123,Daniela,Carville,dcarville3e@themeforest.net,,413.45
124,Kenneth,Nudd,knudd3f@house.gov,,70.26
125,Avigdor,Milne,amilne3g@jiathis.com,Male,355.39
126,Lilas,Chettle,lchettle3h@posterous.com,Female,675.72
127,Sella,Brosenius,sbrosenius3i@admin.ch,Female,564.52
128,Kesley,Kapelhoff,kkapelhoff3j@unesco.org,Female,102.7
129,,Mackro,fmackro3k@oakley.com,Female,656.95
130,Boy,Manterfield,bmanterfield3l@livejournal.com,Male,853.04
131,Kelci,Andrag,kandrag3m@si.edu,Female,333.9
132,Mordecai,Kock,mkock3n@fda.gov,Male,493.71
133,Bethena,Suermeier,bsuermeier3o@ebay.com,Female,545.51
134,Kelley,Mcmanaman,kmcmanaman3p@admin.ch,Male,660.61
135,Byran,Yielding,byielding3q@icq.com,Male,119.22
136,Liliane,Burger,lburger3r@feedburner.com,Female,494.77
137,Spense,Pape,spape3s@cbc.ca,Non-binary,453.64
138,Benji,Loxdale,bloxdale3t@qq.com,,340.69
139,Paquito,Slobom,pslobom3u@simplemachines.org,Male,112.94
140,Evania,Dickerline,edickerline3v@deliciousdays.com,Female,519.22
141,Jephthah,Iuorio,jiuorio3w@51.la,Male,736.29
142,Kahaleel,Hustler,khustler3x@gmpg.org,Male,88.0
143,Dasi,Hoggetts,dhoggetts3y@zimbio.com,Female,432.96
144,Jacky,Pitcher,jpitcher3z@google.fr,Female,99.69
145,Chery,Reimers,creimers40@dyndns.org,,802.19
146,Renie,Coatman,rcoatman41@imgur.com,Female,304.6
147,Enid,Brickwood,ebrickwood42@myspace.com,Female,302.98
148,Marney,Bollis,mbollis43@dmoz.org,Non-binary,320.77
149,Binni,Giffen,bgiffen44@google.de,Female,547.88
150,Robbyn,Buten,rbuten45@newyorker.com,Female,553.51
151,,Jesse,rjesse46@msn.com,Female,707.59
152,Ferdinanda,Cammish,fcammish47@wikia.com,Female,698.88
153,Odilia,Conniam,oconniam48@illinois.edu,Female,963.62
154,Issi,Cragg,icragg49@opensource.org,,583.13
155,Dick,Kahane,dkahane4a@surveymonkey.com,Male,490.77
156,Marlin,Franks,mfranks4b@bluehost.com,Male,284.89
157,Elston,Skellion,eskellion4c@stumbleupon.com,Male,557.87
158,Dolorita,Moralas,dmoralas4d@businessinsider.com,Female,836.08
159,Charley,Guilbert,cguilbert4e@vinaora.com,,654.18
160,Magdalen,Harcase,mharcase4f@tumblr.com,Female,843.86
161,Agnese,Blakeden,ablakeden4g@washingtonpost.com,Female,701.83
162,Griselda,Lardiner,glardiner4h@tmall.com,Female,533.0
163,Even,Griniov,egriniov4i@friendfeed.com,,830.88
164,,Vannet,svannet4j@technorati.com,Agender,521.54
165,Beatrisa,Blogg,bblogg4k@wired.com,Female,834.33
166,Robinson,Lambrook,rlambrook4l@sourceforge.net,Male,757.84
167,Bar,Dunge,bdunge4m@time.com,Male,675.35
168,Engelbert,Aikett,eaikett4n@ehow.com,Male,373.31
169,Sasha,Wrist,swrist4o@over-blog.com,Male,383.19
170,Thelma,Storah,tstorah4p@newsvine.com,Female,971.03
171,Minta,Dearlove,mdearlove4q@nationalgeographic.com,,901.29
172,Alden,Glawsop,aglawsop4r@smugmug.com,,710.99
173,Madelon,Hilbourne,mhilbourne4s@photobucket.com,Genderqueer,961.9
174,Em,Filipyev,efilipyev4t@indiatimes.com,Male,440.16
175,Dynah,Yve,dyve4u@ft.com,Female,672.35
176,Roselle,Wharton,rwharton4v@drupal.org,Female,441.66
177,Abran,Coate,acoate4w@noaa.gov,Agender,690.21
178,Elyssa,Marchi,emarchi4x@mysql.com,Female,247.28
179,Rozanna,Vandrill,rvandrill4y@cnet.com,Female,239.73
180,Coralyn,Churchyard,cchurchyard4z@cyberchimps.com,Female,147.55
181,Hamish,Cancott,hcancott50@bing.com,,828.9
182,Kyla,Oiseau,koiseau51@issuu.com,Female,992.69
183,Sarena,Toppas,stoppas52@joomla.org,,617.53
184,Bobbette,Egginton,begginton53@unicef.org,Female,641.52
185,Codie,Elford,celford54@youtu.be,Male,996.57
186,Vladamir,Thomsson,vthomsson55@washington.edu,Male,21.59
187,Goldina,Giraudeau,ggiraudeau56@reference.com,Female,61.82
188,Euell,Enns,eenns57@ebay.com,Male,256.43
189,,Kenderdine,akenderdine58@java.com,Female,897.5
190,Priscilla,Grosvener,pgrosvener59@acquirethisname.com,Female,352.56
191,Arleyne,de Werk,adewerk5a@ezinearticles.com,Bigender,19.29
192,Antone,Lesor,alesor5b@facebook.com,Male,242.29
193,Sioux,Pauncefort,spauncefort5c@hugedomains.com,Female,686.54
194,Prudence,Slowly,pslowly5d@oakley.com,Female,16.38
195,Iago,MacCollom,imaccollom5e@eepurl.com,Male,621.68
196,Umeko,Tanti,utanti5f@fda.gov,Female,640.91
197,Augie,Coates,acoates5g@wp.com,Male,117.18
198,Bel,Calf,bcalf5h@discovery.com,Female,299.27
199,Mirella,Burril,mburril5i@xinhuanet.com,,544.37
200,Alfonse,Rivallant,arivallant5j@berkeley.edu,Male,797.06
201,Sanford,Cheshir,scheshir5k@nbcnews.com,Male,483.24
202,Alleyn,Boothe,aboothe5l@uol.com.br,Male,126.72
203,Marv,Dabbs,mdabbs5m@amazon.co.uk,Male,809.33
204,Sonni,Cairney,scairney5n@paypal.com,Female,394.01
205,,Strickett,mstrickett5o@nydailynews.com,Male,429.77
206,Sherry,Bennett,sbennett5p@washington.edu,Female,615.68
207,Deena,Gillivrie,dgillivrie5q@thetimes.co.uk,Female,172.08
208,Phillipp,Fenix,pfenix5r@example.com,Male,275.6
209,Francesco,Ciccerale,fciccerale5s@slideshare.net,Male,139.38
210,,Poge,hpoge5t@ebay.co.uk,Male,54.71
211,Wadsworth,Adamek,wadamek5u@wunderground.com,Male,695.32
212,Oren,Worman,oworman5v@smugmug.com,Male,315.71
213,,Andrea,oandrea5w@state.tx.us,Female,95.46
214,Cortie,Cuppleditch,ccuppleditch5x@ucla.edu,Male,638.56
215,Janka,Baudinot,jbaudinot5y@reddit.com,Female,366.86
216,Weylin,Gellion,wgellion5z@mashable.com,Male,154.73
217,Sabine,Tyreman,styreman60@prweb.com,Female,841.69
218,Terrill,Chavrin,tchavrin61@huffingtonpost.com,,179.37
219,Manon,Drew,mdrew62@apple.com,Female,633.36
220,Davon,Wherrit,dwherrit63@posterous.com,Male,197.23
221,Burl,Polding,bpolding64@unicef.org,Male,773.5
222,Gideon,Figger,gfigger65@chron.com,,942.03
223,Annora,Caveney,acaveney66@who.int,Female,52.94
224,,Cartmael,vcartmael67@mail.ru,Non-binary,923.82
225,Obadias,Royden,oroyden68@usatoday.com,Male,746.27
226,,Stieger,dstieger69@goo.gl,Male,216.56
227,Jordon,McLean,jmclean6a@symantec.com,Male,644.28
228,Saree,oldey,soldey6b@soup.io,Female,9.11
229,Jackie,Ivic,jivic6c@mysql.com,Female,801.62
230,Anders,Dominighi,adominighi6d@vistaprint.com,Male,619.58
231,,Aitkenhead,saitkenhead6e@go.com,Male,821.65
232,Aretha,Croneen,acroneen6f@netlog.com,Female,204.54
233,Urbain,Putson,uputson6g@vistaprint.com,Agender,816.34
234,,Crayden,dcrayden6h@mysql.com,,78.14
235,Dorella,Canto,dcanto6i@1und1.de,Female,858.69
236,Bethany,Sanford,bsanford6j@furl.net,Female,555.29
237,Ddene,Larive,dlarive6k@fda.gov,Non-binary,915.91
238,Perice,Boud,pboud6l@walmart.com,,768.23
239,Buddie,Springer,bspringer6m@bloglovin.com,,891.42
240,Conant,McDonnell,cmcdonnell6n@clickbank.net,,642.2
241,Earle,Torrie,etorrie6o@cloudflare.com,Male,168.77
242,Pattie,Hastwell,phastwell6p@networksolutions.com,Male,424.41
243,Everett,Jedrzejczak,ejedrzejczak6q@is.gd,Male,777.03
244,Stuart,Cameron,scameron6r@sogou.com,,909.8
245,Markos,Gahan,mgahan6s@wsj.com,Male,144.44
246,,Dilawey,sdilawey6t@mapquest.com,Male,207.28
247,Janos,Fratczak,jfratczak6u@joomla.org,Male,640.35
248,Del,Lindl,dlindl6v@blogspot.com,Female,374.15
249,Hastie,Lalonde,hlalonde6w@opensource.org,Male,186.07
250,Westbrook,Rushton,wrushton6x@canalblog.com,Male,240.14
251,Ana,Rayworth,arayworth6y@de.vu,Female,840.43
252,Kaitlin,Charles,kcharles6z@bandcamp.com,Female,551.94
253,Enrica,Eglington,eeglington70@oakley.com,,177.61
254,Claudina,Raubenheimer,craubenheimer71@artisteer.com,Female,126.97
255,Iggy,Grundle,igrundle72@indiegogo.com,Male,69.36
256,Yulma,Sahnow,ysahnow73@github.io,Male,697.79
257,Nicolas,Woolston,nwoolston74@cnbc.com,Male,105.02
258,Bailey,Ballance,bballance75@mysql.com,Male,37.15
259,Dannel,Restieaux,drestieaux76@1688.com,Male,470.62
260,Lelah,Maffucci,lmaffucci77@springer.com,Female,459.31
261,Gayla,Lewsey,glewsey78@vk.com,Female,369.06
262,Suzann,Bickerdike,sbickerdike79@qq.com,Female,977.81
263,Lyman,Lambert-Ciorwyn,llambertciorwyn7a@usnews.com,,142.54
264,Bernardina,Ambage,bambage7b@statcounter.com,,91.15
265,Goldi,Strahan,gstrahan7c@cargocollective.com,Female,112.22
266,Gray,Varker,gvarker7d@google.cn,Genderfluid,687.04
267,Angelina,Thornton,athornton7e@alexa.com,Female,393.4
268,Janaya,Goodship,jgoodship7f@adobe.com,Female,985.92
269,Mireille,Larive,mlarive7g@hao123.com,Female,344.16
270,Lennie,Deneve,ldeneve7h@mlb.com,Agender,991.2
271,Katya,Atchly,katchly7i@posterous.com,Female,388.12
272,Ailbert,Artin,aartin7j@senate.gov,Non-binary,503.26
273,,Duddy,rduddy7k@mtv.com,Male,228.61
274,,Bechley,cbechley7l@icio.us,Male,304.0
275,Werner,Audritt,waudritt7m@list-manage.com,Male,455.42
276,,Friatt,mfriatt7n@google.com.hk,Female,1.28
277,Humfried,Reijmers,hreijmers7o@addthis.com,Male,610.79
278,Bartram,De Ath,bdeath7p@tiny.cc,,953.13
279,Aldo,Veld,aveld7q@storify.com,Male,525.53
280,,Inchan,tinchan7r@prlog.org,Female,65.73
281,Meg,O'Corrane,mocorrane7s@mashable.com,Female,727.11
282,Leisha,Acome,lacome7t@google.pl,Genderfluid,104.61
283,,Gregh,egregh7u@yale.edu,,333.75
284,Edy,Meffen,emeffen7v@cnet.com,,884.0
285,Duffie,Thrasher,dthrasher7w@paginegialle.it,Male,478.71
286,,Hallbird,dhallbird7x@linkedin.com,Female,681.28
287,Rod,Kollasch,rkollasch7y@unesco.org,Male,717.74
288,Margo,Branford,mbranford7z@tripod.com,,674.71
289,Florian,Garnsworthy,fgarnsworthy80@hp.com,Male,840.81
290,Forester,Tod,ftod81@reuters.com,,932.77
291,Leonerd,Crosskill,lcrosskill82@baidu.com,Genderqueer,710.16
292,Ernie,Astie,eastie83@qq.com,Male,768.11
293,Patrizio,Cove,pcove84@flavors.me,,128.43
294,Stern,Windaybank,swindaybank85@senate.gov,Male,746.31
295,Emelda,Kirvin,ekirvin86@whitehouse.gov,Female,81.78
296,Dominica,Grundy,dgrundy87@usa.gov,Female,786.96
297,Berti,Foye,bfoye88@engadget.com,Male,506.21
298,Yul,Gubbins,ygubbins89@sfgate.com,Male,799.34
299,Xylina,Formoy,xformoy8a@stumbleupon.com,Female,551.97
300,Angelico,Renyard,arenyard8b@cisco.com,Male,462.1
301,Liesa,Blumer,lblumer8c@europa.eu,Female,40.28
302,Ax,Towsey,atowsey8d@cnn.com,Male,266.45
303,Kaylyn,Stubbes,kstubbes8e@typepad.com,Female,139.28
304,Jonie,Crummay,jcrummay8f@themeforest.net,,972.48
305,Giacopo,Brookton,gbrookton8g@msu.edu,Male,839.64
306,,Scotson,rscotson8h@woothemes.com,,840.49
307,Mead,Handforth,mhandforth8i@redcross.org,Female,871.24
308,Sutherlan,Aireton,saireton8j@histats.com,Male,188.68
309,Maurene,Bulfit,mbulfit8k@goo.ne.jp,Female,300.73
310,Isidro,Cumine,icumine8l@networksolutions.com,Male,742.97
311,Farrah,Gerhold,fgerhold8m@dot.gov,Female,631.57
312,Clareta,Manthroppe,cmanthroppe8n@vimeo.com,Female,203.59
313,Mina,Belfield,mbelfield8o@forbes.com,Female,951.12
314,Ruben,Seston,rseston8p@topsy.com,,760.61
315,Natala,Pohl,npohl8q@nbcnews.com,Female,282.85
316,Mireielle,Rosenhaupt,mrosenhaupt8r@census.gov,Female,713.4
317,Linzy,Cohan,lcohan8s@newsvine.com,Female,104.59
318,Oneida,Risebarer,orisebarer8t@seesaa.net,Non-binary,138.03
319,Cristine,Mecchi,cmecchi8u@php.net,Female,514.22
320,Angeline,Ksandra,aksandra8v@facebook.com,Genderfluid,622.86
321,Donielle,Curston,dcurston8w@aol.com,Female,565.73
322,,Ong,eong8x@scientificamerican.com,,509.92
323,Ernesta,O'Cahsedy,eocahsedy8y@taobao.com,Female,686.0
324,Rodger,Frisby,rfrisby8z@elpais.com,,717.83
325,,Spurden,ospurden90@sohu.com,Female,11.77
326,Alaric,Sylvester,asylvester91@booking.com,,229.74
327,Moyna,Creese,mcreese92@auda.org.au,Female,108.01
328,,Witherow,cwitherow93@washingtonpost.com,Female,100.66
329,Clarita,Treneer,ctreneer94@paypal.com,Female,938.97
330,Aurore,Eidelman,aeidelman95@icio.us,Female,940.93
331,Bevon,Cockerill,bcockerill96@skype.com,Male,293.79
332,Devland,Bonnier,dbonnier97@ebay.com,Male,800.99
333,Grissel,Vasse,gvasse98@berkeley.edu,Female,691.5
334,Gerry,Eacle,geacle99@businessweek.com,Male,569.52
335,Sheila-kathryn,Grishukov,sgrishukov9a@tripod.com,Female,820.76
336,Orren,Di Maria,odimaria9b@japanpost.jp,Male,631.02
337,,Cecere,wcecere9c@netscape.com,Female,564.86
338,Cortie,Domelaw,cdomelaw9d@github.com,Male,828.1
339,Nadean,Peckham,npeckham9e@mail.ru,Female,633.34
340,Pris,Hambly,phambly9f@cisco.com,Female,583.19
341,Kennie,Ellor,kellor9g@flickr.com,Male,709.24
342,Gerta,Doding,gdoding9h@howstuffworks.com,Genderfluid,765.81
343,Eve,Davidi,edavidi9i@va.gov,Female,901.15
344,Mildrid,Saunter,msaunter9j@phpbb.com,Female,727.71
345,Britt,Casserly,bcasserly9k@freewebs.com,Female,61.6
346,Olin,Rimington,orimington9l@geocities.com,Male,20.4
347,Shannon,Wilman,swilman9m@sciencedirect.com,Male,369.24
348,Jamesy,Andreichik,jandreichik9n@dmoz.org,Male,461.35
349,Aidan,McGeraghty,amcgeraghty9o@time.com,Female,425.37
350,Sanderson,Ludee,sludee9p@fc2.com,,600.85
351,Karen,D'Ruel,kdruel9q@prweb.com,Female,135.05
352,Fayth,Perschke,fperschke9r@fda.gov,Female,780.22
353,Geneva,Kiddle,gkiddle9s@usatoday.com,Female,386.66
354,Esta,Burnsyde,eburnsyde9t@google.com.br,Non-binary,76.6
355,Mireille,Lawlee,mlawlee9u@engadget.com,Female,387.55
356,Lynn,MacGarrity,lmacgarrity9v@xing.com,,992.33
357,Denver,Scrange,dscrange9w@github.com,Polygender,84.61
358,Phylis,Laurens,plaurens9x@bbb.org,Female,120.49
359,Mace,Doerling,mdoerling9y@goodreads.com,Male,997.02
360,,Patey,lpatey9z@hatena.ne.jp,Female,813.85
361,,Lorait,vloraita0@dailymotion.com,Female,203.94
362,Lynn,Robottom,lrobottoma1@va.gov,Female,866.63
363,,Bruck,cbrucka2@google.de,Female,913.77
364,Mona,Martinson,mmartinsona3@amazon.co.uk,Genderfluid,17.33
365,Felike,Sedman,fsedmana4@so-net.ne.jp,Male,845.03
366,Jorry,Assaf,jassafa5@patch.com,Female,260.71
367,Sheilakathryn,Gossage,sgossagea6@163.com,Female,772.3
368,Marget,Kettlestring,mkettlestringa7@forbes.com,Female,265.61
369,,Potes,epotesa8@php.net,Male,803.11
370,Sande,Sines,ssinesa9@google.ru,Female,480.47
371,Emalee,Neylon,eneylonaa@taobao.com,Female,414.61
372,Gerrard,Ludford,gludfordab@topsy.com,Male,404.26
373,Selestina,Hugnet,shugnetac@sina.com.cn,Bigender,776.69
374,Stephanus,Vatcher,svatcherad@macromedia.com,Male,576.36
375,Lionello,Stronough,lstronoughae@cargocollective.com,Male,396.52
376,Goldina,Rives,grivesaf@amazon.co.uk,Agender,772.24
377,Nedi,Fozzard,nfozzardag@webeden.co.uk,,417.46
378,Jessalin,Gregine,jgregineah@plala.or.jp,Female,624.18
379,Cazzie,Beeken,cbeekenai@liveinternet.ru,Male,697.09
380,Noak,MacDiarmid,nmacdiarmidaj@scientificamerican.com,Male,947.13
381,Annetta,Ilett,ailettak@e-recht24.de,Female,706.55
382,Mauricio,Fish,mfishal@globo.com,Male,617.24
383,Nikki,Siemantel,nsiemantelam@google.es,Male,948.99
384,Fianna,Emson,femsonan@cargocollective.com,Female,655.37
385,,Richardes,arichardesao@meetup.com,,630.32
386,Jourdain,Snuggs,jsnuggsap@economist.com,Male,236.27
387,,Stubs,nstubsaq@reverbnation.com,Male,828.51
388,Christiane,Staining,cstainingar@merriam-webster.com,Genderfluid,338.48
389,,Levane,hlevaneas@si.edu,Male,715.69
390,,Stairmond,jstairmondat@ft.com,Female,7.95
391,Jewel,Goodliffe,jgoodliffeau@pen.io,Female,358.5
392,,Loughren,aloughrenav@acquirethisname.com,Female,542.05
393,Eliot,Commin,ecomminaw@amazon.co.uk,Male,895.06
394,Eugenius,Priestnall,epriestnallax@digg.com,Male,668.52
395,Jesus,Magrane,jmagraneay@php.net,Male,665.67
396,Malvina,Durden,mdurdenaz@wufoo.com,Female,542.14
397,Kipp,Poppleton,kpoppletonb0@privacy.gov.au,Male,313.18
398,Umberto,Purvess,upurvessb1@house.gov,,593.04
399,Karyl,Wishart,kwishartb2@google.nl,,627.32
400,Benjamin,McKean,bmckeanb3@bing.com,Bigender,986.85
401,Dalt,Gorstidge,dgorstidgeb4@pcworld.com,Genderfluid,935.91
402,,Quartley,vquartleyb5@oracle.com,Female,21.26
403,Ellswerth,Kobu,ekobub6@newsvine.com,Male,935.21
404,Zorana,Grocock,zgrocockb7@cnbc.com,Agender,791.04
405,Aristotle,Beric,abericb8@oakley.com,Male,516.56
406,Keri,Kefford,kkeffordb9@hhs.gov,Female,262.81
407,Catlee,Grenfell,cgrenfellba@apple.com,Female,696.71
408,Helli,Gavaran,hgavaranbb@trellian.com,Female,611.09
409,Aaron,Crumby,acrumbybc@rediff.com,Male,921.41
410,D'arcy,Eatttok,deatttokbd@rambler.ru,,838.45
411,Darsie,Vedyashkin,dvedyashkinbe@gravatar.com,Agender,76.89
412,Mattias,Adamovich,madamovichbf@icio.us,Male,993.61
413,Claudina,Caselick,ccaselickbg@goo.ne.jp,Female,224.92
414,Bendite,Keston,bkestonbh@google.com.br,Female,754.41
415,Krispin,Bucky,kbuckybi@springer.com,,901.86
416,Abram,Koles,akolesbj@businessinsider.com,Male,946.37
417,Rafaellle,Herreran,rherreranbk@oracle.com,Male,833.69
418,,Glisenan,dglisenanbl@slashdot.org,Bigender,746.59
419,Beilul,Bentjens,bbentjensbm@instagram.com,Female,574.51
420,Packston,Houndsom,phoundsombn@toplist.cz,Male,137.78
421,Terrell,Tryhorn,ttryhornbo@jigsy.com,Male,751.48
422,Aleksandr,Pleasants,apleasantsbp@va.gov,Male,360.47
423,Normy,Goodchild,ngoodchildbq@t.co,Male,380.35
424,Rossie,Crellim,rcrellimbr@xing.com,Male,860.57
425,,Chrystie,achrystiebs@mail.ru,Male,627.02
426,Corrinne,Ramelet,crameletbt@1688.com,Genderfluid,57.57
427,Vassili,Henworth,vhenworthbu@dropbox.com,Male,797.84
428,Kalle,Doreward,kdorewardbv@comcast.net,Male,422.63
429,Devinne,Bushnell,dbushnellbw@illinois.edu,Female,892.82
430,Antonie,Himsworth,ahimsworthbx@webnode.com,Female,924.26
431,Romy,Dobbins,rdobbinsby@timesonline.co.uk,,286.64
432,Pancho,Ruggles,prugglesbz@example.com,Male,354.88
433,Seka,Faint,sfaintc0@typepad.com,Female,724.16
434,Savina,Danilchik,sdanilchikc1@vk.com,Polygender,119.78
435,Florida,Stallibrass,fstallibrassc2@addtoany.com,Female,446.91
436,Kele,Lindholm,klindholmc3@toplist.cz,Male,635.5
437,Sascha,Jervoise,sjervoisec4@infoseek.co.jp,Female,901.37
438,Jonell,Ashworth,jashworthc5@bandcamp.com,,356.5
439,Dulcie,Summerlad,dsummerladc6@bravesites.com,Female,490.77
440,,Kobelt,ekobeltc7@wufoo.com,Female,998.28
441,Myranda,Kuzma,mkuzmac8@wix.com,,454.06
442,Fredek,Misk,fmiskc9@smh.com.au,Male,903.73
443,Aline,Kusick,akusickca@posterous.com,Agender,586.84
444,Rocky,Sproule,rsproulecb@netvibes.com,Male,166.35
445,,Kyteley,ikyteleycc@yellowbook.com,Female,22.94
446,Robin,Lydden,rlyddencd@noaa.gov,Male,398.73
447,Glen,Toy,gtoyce@columbia.edu,,865.16
448,Linda,Hansmann,lhansmanncf@angelfire.com,Female,137.32
449,Tommie,Chillcot,tchillcotcg@biblegateway.com,,908.93
450,Kellie,MacHarg,kmachargch@t-online.de,,575.38
451,Katalin,Kelmere,kkelmereci@globo.com,Female,60.25
452,Carolee,Bogie,cbogiecj@symantec.com,Female,101.59
453,Lurette,Caroll,lcarollck@biglobe.ne.jp,,868.81
454,,Bartolozzi,cbartolozzicl@yale.edu,,817.13
455,,Hazzard,hhazzardcm@usgs.gov,Female,789.06
456,Prentiss,Larrad,plarradcn@usnews.com,Male,228.87
457,Sascha,McQuaker,smcquakerco@ebay.co.uk,Female,162.91
458,Garald,Henrion,ghenrioncp@engadget.com,Male,916.21
459,Tomi,Wedlake,twedlakecq@mayoclinic.com,Female,317.94
460,Nananne,Marsy,nmarsycr@nyu.edu,Genderfluid,39.29
461,Bartram,Bucktrout,bbucktroutcs@time.com,Male,167.69
462,Keene,Castagnaro,kcastagnaroct@ning.com,Male,523.72
463,Peria,Aujean,paujeancu@xing.com,Female,879.99
464,Meridith,Hodcroft,mhodcroftcv@people.com.cn,Female,567.57
465,Neila,Berkelay,nberkelaycw@jiathis.com,Female,626.17
466,Cad,Bendon,cbendoncx@tinypic.com,Male,91.17
467,Gayelord,Brien,gbriency@pcworld.com,Male,833.71
468,Fara,Bach,fbachcz@boston.com,,439.58
469,Franky,Plevin,fplevind0@about.me,Non-binary,810.69
470,Zacharie,Thatcham,zthatchamd1@imdb.com,Male,831.83
471,Vance,Herrieven,vherrievend2@sfgate.com,Male,321.71
472,Britney,Weal,bweald3@ebay.com,Female,123.41
473,Joly,Boulder,jboulderd4@columbia.edu,Female,108.14
474,Annalee,Merrin,amerrind5@ft.com,Agender,304.15
475,Liva,Walford,lwalfordd6@home.pl,Female,465.99
476,Tally,Claeskens,tclaeskensd7@g.co,,902.55
477,Lin,Bultitude,lbultituded8@instagram.com,Female,376.63
478,Maxwell,Bremmell,mbremmelld9@facebook.com,Male,154.1
479,Sydelle,MacGuffog,smacguffogda@nydailynews.com,,135.47
480,Jenelle,Fadden,jfaddendb@sourceforge.net,Female,568.89
481,Fabien,Casham,fcashamdc@umn.edu,Male,488.63
482,Friedrich,O'Sirin,fosirindd@msn.com,Male,632.87
483,Shelley,Havis,shavisde@berkeley.edu,Male,837.4
484,Kimberlee,Rossbrook,krossbrookdf@arstechnica.com,Female,131.24
485,,Andrejs,candrejsdg@list-manage.com,Female,856.84
486,Maggi,Rogers,mrogersdh@ehow.com,Female,526.62
487,Alli,Cotherill,acotherilldi@narod.ru,Female,911.97
488,Nolly,Elesander,nelesanderdj@shop-pro.jp,Male,998.14
489,Teddy,Jotcham,tjotchamdk@businessinsider.com,Male,953.19
490,Callida,Oglevie,cogleviedl@cbc.ca,Female,415.25
491,Hyacintha,Wornham,hwornhamdm@ihg.com,,505.08
492,Sigmund,Connett,sconnettdn@so-net.ne.jp,Male,52.55
493,Miran,Sogg,msoggdo@homestead.com,Female,924.26
494,Olimpia,Shears,oshearsdp@example.com,,793.89
495,,Caudrey,bcaudreydq@jiathis.com,Male,415.03
496,Lin,Roddy,lroddydr@geocities.com,Male,162.82
497,Josefina,De Angelo,jdeangelods@businessweek.com,,773.55
498,Lawrence,Lomb,llombdt@altervista.org,Agender,878.46
499,Zsa zsa,Edgeley,zedgeleydu@bloomberg.com,Female,511.27
500,,Surman-Wells,asurmanwellsdv@gnu.org,Male,489.39
501,Dugald,Pattemore,dpattemoredw@myspace.com,Male,766.97
502,Nana,Seth,nsethdx@slate.com,Female,946.75
503,,Southcombe,msouthcombedy@github.io,,654.89
504,Daisie,Hebbard,dhebbarddz@topsy.com,Female,336.54
505,Kirby,Kennefick,kkenneficke0@wix.com,,156.83
506,,Lightbourne,mlightbournee1@hibu.com,Female,904.89
507,Templeton,Duggen,tduggene2@yahoo.com,,661.58
508,Nikos,Hastin,nhastine3@indiegogo.com,Male,190.35
509,Saundra,Mariette,smariettee4@un.org,Female,901.36
510,Welch,Jeness,wjenesse5@people.com.cn,Male,91.56
511,Caitrin,Penzer,cpenzere6@gizmodo.com,,501.79
512,Dodi,Alred,dalrede7@wp.com,Female,587.73
513,Ernaline,Bettesworth,ebettesworthe8@wikimedia.org,Female,380.18
514,Napoleon,Duffitt,nduffitte9@i2i.jp,Male,184.95
515,Chase,Connett,cconnettea@state.tx.us,,547.47
516,Kath,Mowles,kmowleseb@zimbio.com,Female,113.99
517,Kimble,Stairs,kstairsec@example.com,Male,722.12
518,Rachael,Rude,rrudeed@latimes.com,,64.64
519,Jarvis,Vesque,jvesqueee@msn.com,Male,884.97
520,Stacie,Grigson,sgrigsonef@answers.com,Female,726.85
521,Berti,Revens,brevenseg@goodreads.com,Female,402.1
522,Ase,Bernet,aberneteh@smugmug.com,Male,346.28
523,,Bumpas,gbumpasei@chronoengine.com,Male,658.96
524,Loy,Asals,lasalsej@marketwatch.com,Male,560.71
525,Edithe,Godard,egodardek@naver.com,Female,54.82
526,Rani,Laurenz,rlaurenzel@storify.com,Female,909.04
527,Ailbert,Brothers,abrothersem@amazon.com,,633.72
528,Pavel,Byron,pbyronen@telegraph.co.uk,Male,561.49
529,Stevana,Ruller,srullereo@canalblog.com,Female,908.29
530,Johnna,Rigbye,jrigbyeep@yahoo.co.jp,,329.48
531,Vinny,Eschalette,veschaletteeq@boston.com,Female,891.45
532,Vincent,Jerdein,vjerdeiner@reddit.com,Male,167.97
533,Junina,De Giorgio,jdegiorgioes@slideshare.net,Female,924.82
534,Kenton,Craft,kcraftet@cdbaby.com,Male,642.86
535,Ebenezer,Royse,eroyseeu@dedecms.com,,158.88
536,Cornie,Batrip,cbatripev@indiatimes.com,Male,733.81
537,,Yashnov,syashnovew@uol.com.br,Female,878.12
538,,Mycroft,imycroftex@paginegialle.it,Male,993.8
539,Athene,Rudolph,arudolphey@odnoklassniki.ru,Female,32.84
540,Susannah,Ketteringham,sketteringhamez@amazon.co.jp,,730.41
541,,O'Garmen,logarmenf0@java.com,Male,584.75
542,Ninnette,Fantini,nfantinif1@mozilla.org,Female,493.29
543,Erinn,Biner,ebinerf2@google.it,Genderqueer,389.48
544,Ivy,Blything,iblythingf3@huffingtonpost.com,Female,786.08
545,Gill,Ancketill,gancketillf4@webnode.com,Female,397.58
546,Talbert,Bagwell,tbagwellf5@bigcartel.com,Male,520.1
547,Julina,de Clerc,jdeclercf6@cbslocal.com,Female,282.67
548,Marcille,Syrad,msyradf7@blogs.com,Female,41.67
549,Dulciana,Piddington,dpiddingtonf8@fastcompany.com,Female,407.85
550,Phyllis,Southerns,psouthernsf9@oaic.gov.au,Female,451.12
551,Rory,Copnall,rcopnallfa@senate.gov,Male,314.85
552,Levon,Stive,lstivefb@state.tx.us,Male,220.99
553,Daphna,Stanhope,dstanhopefc@jugem.jp,Female,928.87
554,Dasya,Kyngdon,dkyngdonfd@admin.ch,Agender,590.79
555,Candace,Greenrod,cgreenrodfe@ihg.com,Female,208.25
556,Gerta,Dominichelli,gdominichelliff@epa.gov,Female,79.26
557,Lisa,Cestard,lcestardfg@meetup.com,,694.39
558,Vachel,Searston,vsearstonfh@chron.com,Male,971.5
559,Tan,Whiston,twhistonfi@fotki.com,Male,867.22
560,Noll,Cudbertson,ncudbertsonfj@imageshack.us,Male,242.8
561,Zerk,Frise,zfrisefk@skype.com,Male,173.56
562,Robinett,Kleiner,rkleinerfl@sphinn.com,,713.4
563,Mord,Leggs,mleggsfm@china.com.cn,Male,408.31
564,Rainer,Musslewhite,rmusslewhitefn@slashdot.org,Male,191.36
565,Myrlene,Ozelton,mozeltonfo@hugedomains.com,Female,932.32
566,Celestina,Smickle,csmicklefp@mit.edu,Female,843.38
567,,Vanezis,jvanezisfq@last.fm,Female,748.62
568,Nollie,Walesa,nwalesafr@wikispaces.com,Male,216.37
569,Chrysler,Cranmor,ccranmorfs@seesaa.net,,284.16
570,Benton,Domerc,bdomercft@ezinearticles.com,Male,886.62
571,Duffie,Croad,dcroadfu@issuu.com,Bigender,637.3
572,Johnathan,Thurstan,jthurstanfv@google.cn,Male,813.77
573,Jerrilee,Tripet,jtripetfw@marriott.com,Female,10.28
574,,Woolen,bwoolenfx@virginia.edu,Female,472.83
575,Peggi,Stonier,pstonierfy@technorati.com,,609.82
576,Jeannie,Ipsgrave,jipsgravefz@desdev.cn,Female,953.78
577,,Tratton,atrattong0@mac.com,Male,379.81
578,Rudie,Bownd,rbowndg1@unblog.fr,Male,777.88
579,Jolyn,Fabbro,jfabbrog2@reference.com,Female,353.96
580,,Peasnone,jpeasnoneg3@japanpost.jp,Female,923.84
581,Pete,Rodenburgh,prodenburghg4@patch.com,,30.23
582,Lotta,Ramberg,lrambergg5@discuz.net,Female,435.55
583,Mason,O'Hone,mohoneg6@angelfire.com,Male,76.74
584,Yuma,Bosnell,ybosnellg7@blogtalkradio.com,Male,154.51
585,Nicolais,Tolcher,ntolcherg8@about.com,Male,514.41
586,Nehemiah,MacCorkell,nmaccorkellg9@ucsd.edu,Male,743.55
587,Dwight,Farryann,dfarryannga@naver.com,Male,837.95
588,Naomi,Beining,nbeininggb@issuu.com,Female,558.69
589,Gail,Pauncefoot,gpauncefootgc@adobe.com,Male,98.45
590,,Branston,ebranstongd@vinaora.com,Bigender,290.44
591,Pate,Baxstar,pbaxstarge@ask.com,Polygender,167.87
592,Emmott,Lattie,elattiegf@theguardian.com,Male,136.66
593,Glynn,Durant,gdurantgg@soundcloud.com,Male,827.1
594,Raymund,Geldert,rgeldertgh@newyorker.com,Male,831.14
595,Wilton,Cobain,wcobaingi@epa.gov,Male,762.95
596,Weylin,Winwood,wwinwoodgj@weebly.com,Male,684.74
597,Brandon,Hastler,bhastlergk@example.com,Male,426.55
598,Gilbertina,Manley,gmanleygl@ft.com,,700.09
599,Buckie,Bretherick,bbretherickgm@phpbb.com,Male,599.39
600,Maisey,Echalier,mechaliergn@bluehost.com,Female,632.52
601,Zachery,Cubbit,zcubbitgo@unc.edu,Male,348.24
602,Vincenty,Bridgwater,vbridgwatergp@latimes.com,Male,828.49
603,Kaycee,Perri,kperrigq@cam.ac.uk,Female,60.35
604,Leonidas,Ure,luregr@deliciousdays.com,Male,482.05
605,Tremain,Oosthout de Vree,toosthoutdevreegs@booking.com,,565.14
606,,Piercy,cpiercygt@admin.ch,Male,533.76
607,Tailor,Sallnow,tsallnowgu@nih.gov,Male,957.32
608,Barbi,Chilcott,bchilcottgv@biglobe.ne.jp,Female,332.59
609,Erroll,Olorenshaw,eolorenshawgw@amazon.com,Male,297.72
610,Tabitha,Grattan,tgrattangx@rambler.ru,Female,94.19
611,Dani,Godbold,dgodboldgy@alexa.com,Male,456.89
612,,Tanby,ptanbygz@economist.com,Female,409.45
613,William,Noweak,wnoweakh0@domainmarket.com,Male,956.06
614,Filmore,Tretwell,ftretwellh1@myspace.com,Male,14.22
615,Amy,Nurcombe,anurcombeh2@hugedomains.com,Female,717.69
616,Roldan,Brimblecombe,rbrimblecombeh3@flickr.com,Male,678.4
617,Lauree,FitzAlan,lfitzalanh4@army.mil,Female,25.15
618,Maurits,Streather,mstreatherh5@bravesites.com,,998.84
619,Dewey,Groneway,dgronewayh6@cyberchimps.com,Male,392.6
620,Penrod,Arnowitz,parnowitzh7@nydailynews.com,Agender,976.09
621,Tanny,Von Welldun,tvonwelldunh8@redcross.org,Male,884.53
622,,Ballay,iballayh9@princeton.edu,Male,559.8
623,Kristoffer,Harwick,kharwickha@opera.com,Male,670.68
624,Gawain,Bagehot,gbagehothb@indiegogo.com,Male,168.61
625,Darla,Pepperrall,dpepperrallhc@nifty.com,Female,170.3
626,Fleurette,Weedon,fweedonhd@a8.net,Agender,689.58
627,Janeen,Thrustle,jthrustlehe@homestead.com,Female,843.08
628,Billi,Taffee,btaffeehf@nih.gov,,168.39
629,Nikolai,Bergeon,nbergeonhg@fotki.com,Male,119.21
630,,Telfer,gtelferhh@howstuffworks.com,Male,730.12
631,Sal,Mousby,smousbyhi@ihg.com,Male,695.89
632,Malva,Gomery,mgomeryhj@fda.gov,,535.34
633,Myriam,Surmeyer,msurmeyerhk@jigsy.com,,82.15
634,Sarge,Maiden,smaidenhl@cdc.gov,Male,588.79
635,Corrie,Helder,chelderhm@is.gd,Female,563.19
636,Nata,Breacher,nbreacherhn@goodreads.com,,756.36
637,Jamie,Gabbitis,jgabbitisho@nba.com,Male,634.89
638,Norton,McGeouch,nmcgeouchhp@opera.com,Male,239.68
639,Leif,Nunes Nabarro,lnunesnabarrohq@feedburner.com,Male,500.97
640,Natassia,Richardson,nrichardsonhr@imdb.com,Female,697.48
641,Munmro,Vannini,mvanninihs@360.cn,Male,607.99
642,Perri,Dillet,pdilletht@ifeng.com,,631.39
643,Lauri,Rickis,lrickishu@amazon.de,Non-binary,851.52
644,Ann,Rustadge,arustadgehv@exblog.jp,,99.97
645,Katey,Brownfield,kbrownfieldhw@amazonaws.com,Female,967.11
646,Venus,Malins,vmalinshx@foxnews.com,Female,416.99
647,Sherri,Stefanovic,sstefanovichy@skype.com,Female,881.14
648,Estell,O'Gleasane,eogleasanehz@list-manage.com,Female,560.52
649,,Broscombe,gbroscombei0@sakura.ne.jp,Male,310.77
650,Alexandr,Doveston,adovestoni1@indiegogo.com,Male,8.01
651,Rodrique,Goggan,rgoggani2@quantcast.com,Male,181.31
652,Cyrus,Vellender,cvellenderi3@drupal.org,,242.66
653,,Sturdgess,psturdgessi4@weather.com,Female,718.2
654,Hendrick,Hoyt,hhoyti5@hostgator.com,Male,135.65
655,Lucio,Lampert,llamperti6@gov.uk,Male,369.46
656,Ludovika,Rayne,lraynei7@nhs.uk,Female,748.25
657,Godart,Jelleman,gjellemani8@drupal.org,,947.37
658,Robbert,Dawkes,rdawkesi9@cocolog-nifty.com,Male,377.34
659,Judith,Hewell,jhewellia@howstuffworks.com,Female,443.19
660,Dannie,Bloxsome,dbloxsomeib@deliciousdays.com,Female,637.21
661,Hendrika,Aikett,haikettic@weibo.com,,767.87
662,Miller,Perks,mperksid@tumblr.com,Male,237.76
663,Baudoin,Jowling,bjowlingie@shop-pro.jp,,448.35
664,Dacey,Joist,djoistif@hubpages.com,Female,301.07
665,,Ambridge,mambridgeig@mysql.com,Male,171.0
666,Ethelda,Andren,eandrenih@fda.gov,Female,158.49
667,Ralina,Strick,rstrickii@simplemachines.org,Female,176.97
668,Gayla,Morison,gmorisonij@parallels.com,Female,251.47
669,Hew,Court,hcourtik@stumbleupon.com,Male,775.86
670,,Littlefield,zlittlefieldil@hugedomains.com,Male,439.61
671,,Pleasants,spleasantsim@opera.com,Female,165.84
672,Ashely,Matveyev,amatveyevin@techcrunch.com,,123.73
673,Weider,Salle,wsalleio@japanpost.jp,Male,430.41
674,Earl,Bolland,ebollandip@soup.io,Male,695.04
675,Liesa,Negro,lnegroiq@histats.com,Female,828.08
676,,Callicott,jcallicottir@google.ru,Male,301.21
677,Aida,Eakens,aeakensis@godaddy.com,Female,982.69
678,,McGahern,nmcgahernit@prweb.com,Female,132.56
679,Robers,Janeczek,rjaneczekiu@nasa.gov,Male,59.74
680,Arvie,Pedgrift,apedgriftiv@microsoft.com,Male,236.8
681,Maureene,Woodrow,mwoodrowiw@ehow.com,Female,949.02
682,Denver,Valsler,dvalslerix@g.co,Male,842.88
683,Annora,Sparhawk,asparhawkiy@utexas.edu,Female,961.71
684,Mose,Stanney,mstanneyiz@instagram.com,,388.98
685,Alayne,Livsey,alivseyj0@earthlink.net,Female,280.49
686,Maynord,Najafian,mnajafianj1@oakley.com,Male,129.83
687,Imelda,Heartfield,iheartfieldj2@yellowpages.com,Female,28.84
688,Gianna,Igounet,gigounetj3@sun.com,Female,518.05
689,Raynell,McLernon,rmclernonj4@opensource.org,Female,434.01
690,Ibrahim,Narrie,inarriej5@whitehouse.gov,Male,838.95
691,Tommy,Ridoutt,tridouttj6@networkadvertising.org,Female,868.52
692,Zilvia,Gibbie,zgibbiej7@blog.com,Female,332.17
693,Port,Center,pcenterj8@webeden.co.uk,Male,363.66
694,Avie,Swyne,aswynej9@aboutads.info,Bigender,307.24
695,,Brimblecombe,cbrimblecombeja@foxnews.com,Bigender,698.25
696,Xerxes,Houndson,xhoundsonjb@smh.com.au,Male,427.29
697,Lila,Ellaman,lellamanjc@blinklist.com,Female,431.2
698,Alyosha,Sharram,asharramjd@uiuc.edu,Non-binary,539.13
699,Maxie,Fawdry,mfawdryje@google.nl,Genderqueer,464.32
700,Ruddie,Dooly,rdoolyjf@blogspot.com,Male,441.4
701,,Neubigin,lneubiginjg@ustream.tv,Male,642.87
702,,Mabson,umabsonjh@miibeian.gov.cn,Polygender,609.21
703,Benedick,Osbourn,bosbournji@msu.edu,Male,577.62
704,Philipa,Marryatt,pmarryattjj@dyndns.org,Female,968.96
705,Orelia,Elsworth,oelsworthjk@netvibes.com,Genderqueer,258.85
706,Britte,Ennion,bennionjl@vkontakte.ru,Female,281.16
707,Janina,Simionato,jsimionatojm@biblegateway.com,Female,409.8
708,Garrick,Wheatland,gwheatlandjn@printfriendly.com,Male,844.66
709,Cristal,Rogier,crogierjo@reverbnation.com,Female,964.96
710,Haskell,Cullivan,hcullivanjp@soup.io,Male,525.19
711,Mignon,Chiene,mchienejq@cisco.com,Female,34.11
712,Claus,Hollingdale,chollingdalejr@skyrock.com,Male,803.93
713,Quintin,Whacket,qwhacketjs@reference.com,,719.6
714,Stillman,Smullen,ssmullenjt@thetimes.co.uk,Male,491.8
715,,Mumbey,amumbeyju@marketwatch.com,Male,232.97
716,,Ferrier,mferrierjv@opensource.org,Female,4.91
717,Caye,Jedryka,cjedrykajw@disqus.com,Female,628.55
718,Merlina,Ferrieres,mferrieresjx@gravatar.com,Female,877.65
719,Karim,Fittis,kfittisjy@fc2.com,Male,950.93
720,,MacPike,lmacpikejz@hubpages.com,Female,166.91
721,,Le Page,wlepagek0@odnoklassniki.ru,Non-binary,724.47
722,Robyn,Heyns,rheynsk1@e-recht24.de,Female,884.21
723,,Kuhwald,fkuhwaldk2@liveinternet.ru,Male,800.79
724,Celka,Straniero,cstranierok3@cafepress.com,Female,90.39
725,Christen,Iacobucci,ciacobuccik4@clickbank.net,Female,693.46
726,Leonardo,Babcock,lbabcockk5@addthis.com,Male,674.52
727,Jodee,Mealing,jmealingk6@msu.edu,Female,155.76
728,Emmit,Fisbey,efisbeyk7@ft.com,Male,639.25
729,,McMenamin,kmcmenamink8@jiathis.com,Female,790.97
730,Delia,Blaschke,dblaschkek9@theguardian.com,Female,593.56
731,Alyson,Hardwicke,ahardwickeka@scribd.com,Female,137.03
732,Torrance,Turford,tturfordkb@shareasale.com,Male,508.91
733,,Adamthwaite,ladamthwaitekc@g.co,Agender,570.01
734,Elvin,Birbeck,ebirbeckkd@barnesandnoble.com,Male,865.7
735,Jocelyne,Ghirardi,jghirardike@slate.com,Female,772.33
736,Torrence,McMenemy,tmcmenemykf@intel.com,Male,170.71
737,Barbara-anne,Cusworth,bcusworthkg@fastcompany.com,Female,262.72
738,Fred,Pickersgill,fpickersgillkh@mozilla.org,Male,796.75
739,Vasily,Bartelot,vbartelotki@dmoz.org,Male,993.22
740,Ardeen,Foukx,afoukxkj@prnewswire.com,Non-binary,229.64
741,Adelice,Kingshott,akingshottkk@shinystat.com,Female,897.17
742,Rickie,Carstairs,rcarstairskl@4shared.com,,997.93
743,,Beville,jbevillekm@rediff.com,Female,964.81
744,Chery,Frensch,cfrenschkn@comsenz.com,Female,908.92
745,Bartie,Briiginshaw,bbriiginshawko@microsoft.com,Male,717.01
746,,Hayley,mhayleykp@hostgator.com,Female,857.32
747,Antonie,Favey,afaveykq@abc.net.au,Female,874.06
748,Richmond,Sterley,rsterleykr@flavors.me,Male,283.39
749,Nels,Mabbott,nmabbottks@slideshare.net,Male,36.41
750,Dominga,Harce,dharcekt@weather.com,,391.58
751,Farica,Paybody,fpaybodyku@tumblr.com,Genderfluid,265.74
752,Guglielma,Janosevic,gjanosevickv@bloglovin.com,,641.96
753,Forrest,Junes,fjuneskw@xing.com,Male,528.85
754,Marybelle,Craske,mcraskekx@linkedin.com,Female,864.68
755,Curr,Muino,cmuinoky@eventbrite.com,,889.28
756,Cacilie,Westwick,cwestwickkz@xrea.com,Female,349.3
757,Marney,McGauhy,mmcgauhyl0@ftc.gov,,419.58
758,Crin,Coggan,ccogganl1@dedecms.com,,481.96
759,Valery,Attewell,vattewelll2@discovery.com,Female,349.42
760,Lou,Ply,lplyl3@google.ca,Female,16.58
761,Bradley,Lisamore,blisamorel4@bloglovin.com,,488.2
762,Shanna,Eagar,seagarl5@t.co,Female,823.64
763,Cathrine,Bambrugh,cbambrughl6@ovh.net,Female,61.58
764,Klarika,Compton,kcomptonl7@ehow.com,Female,941.3
765,,Kimbrey,akimbreyl8@epa.gov,,856.49
766,Neils,Fenna,nfennal9@hatena.ne.jp,Male,742.91
767,Catarina,Brogiotti,cbrogiottila@dropbox.com,Polygender,549.59
768,Gloriane,Shallcroff,gshallcrofflb@cafepress.com,Female,697.41
769,Durante,Linny,dlinnylc@sogou.com,Male,64.93
770,Carlina,Dyerson,cdyersonld@oakley.com,Female,312.51
771,Godfree,Finkle,gfinklele@cbsnews.com,Genderqueer,193.21
772,,Patroni,dpatronilf@odnoklassniki.ru,Genderqueer,396.64
773,,Blaydes,hblaydeslg@state.tx.us,Female,948.46
774,Adina,Spencock,aspencocklh@seattletimes.com,Female,279.76
775,Monti,Nealey,mnealeyli@soundcloud.com,Male,49.96
776,Latashia,Krochmann,lkrochmannlj@dropbox.com,Female,553.18
777,Christine,Vern,cvernlk@topsy.com,Female,188.89
778,,Oloshkin,loloshkinll@utexas.edu,Female,237.1
779,Jodi,Hellings,jhellingslm@blog.com,Female,465.99
780,Piotr,Giacovelli,pgiacovelliln@youku.com,Male,166.19
781,Pryce,Galiero,pgalierolo@spotify.com,Male,305.82
782,Yoshi,Kidstone,ykidstonelp@homestead.com,Non-binary,554.79
783,Timmy,Sokill,tsokilllq@bbb.org,Female,630.14
784,Algernon,Robillard,arobillardlr@cloudflare.com,Male,764.06
785,Stanislaw,Schuler,sschulerls@umich.edu,Male,279.83
786,Rolfe,Benaine,rbenainelt@cam.ac.uk,Male,739.21
787,Chere,Rispine,crispinelu@hibu.com,,303.93
788,Ailina,Kisbee,akisbeelv@berkeley.edu,Female,848.7
789,Jazmin,Trevon,jtrevonlw@yahoo.com,Female,606.21
790,Susy,Exton,sextonlx@sohu.com,Female,249.14
791,Ivett,Imloch,iimlochly@theatlantic.com,Female,654.58
792,Jackson,Gauge,jgaugelz@craigslist.org,Male,968.46
793,,Deshorts,gdeshortsm0@studiopress.com,Agender,208.79
794,Adan,Pedrocco,apedroccom1@wunderground.com,Male,499.26
795,Stephani,Coppenhall,scoppenhallm2@scribd.com,Female,145.25
796,Alix,Sinyard,asinyardm3@dion.ne.jp,Female,893.49
797,Jazmin,Shadfourth,jshadfourthm4@example.com,Female,617.07
798,Park,Backman,pbackmanm5@hibu.com,Male,219.41
799,Hyacinthie,Cashley,hcashleym6@mlb.com,Female,411.41
800,Tove,Penfold,tpenfoldm7@zimbio.com,Female,41.21
801,Berk,Gait,bgaitm8@sfgate.com,Male,900.82
802,Seka,Emm,semmm9@devhub.com,Female,567.54
803,,Folbige,ofolbigema@surveymonkey.com,Agender,925.61
804,Alfonse,Lenglet,alengletmb@canalblog.com,Male,943.55
805,Sunshine,Newcome,snewcomemc@plala.or.jp,,520.36
806,Dalli,Lavrinov,dlavrinovmd@fda.gov,Male,663.65
807,Horten,Kerby,hkerbyme@dailymail.co.uk,Male,453.41
808,Gregorio,Linforth,glinforthmf@homestead.com,,716.45
809,Dani,Hocking,dhockingmg@un.org,Male,366.24
810,Jordain,Smallcombe,jsmallcombemh@wunderground.com,Female,757.83
811,Nikolas,Elcock,nelcockmi@discuz.net,Male,209.24
812,Rorke,Mahon,rmahonmj@answers.com,Bigender,564.35
813,Dael,Maccrie,dmaccriemk@yandex.ru,Female,909.41
814,Hyacinth,Keyhoe,hkeyhoeml@sphinn.com,Female,937.7
815,Berkie,Willshaw,bwillshawmm@seesaa.net,,785.12
816,Mortimer,Durtnall,mdurtnallmn@house.gov,Male,711.76
817,Joshuah,MacLeese,jmacleesemo@bravesites.com,Male,848.25
818,Ivy,Beever,ibeevermp@go.com,Female,820.66
819,Kippar,Lubbock,klubbockmq@sina.com.cn,Genderfluid,160.38
820,,Mateescu,nmateescumr@bloglovin.com,Genderqueer,134.29
821,Dionysus,Drinan,ddrinanms@google.nl,Male,585.58
822,Dom,Ramsden,dramsdenmt@linkedin.com,,356.19
823,Boot,Kopps,bkoppsmu@scientificamerican.com,,751.83
824,,McAster,wmcastermv@myspace.com,Male,9.83
825,Belvia,Beesley,bbeesleymw@ft.com,,117.69
826,Becky,Facey,bfaceymx@google.es,Female,250.72
827,,Broadwood,abroadwoodmy@ocn.ne.jp,Female,843.08
828,Ethel,Kave,ekavemz@issuu.com,Female,516.33
829,Dion,Keyte,dkeyten0@eepurl.com,Male,460.36
830,Stanwood,Fawssett,sfawssettn1@e-recht24.de,Non-binary,238.4
831,Pierrette,Blackett,pblackettn2@cbc.ca,Female,781.68
832,Orion,Innes,oinnesn3@msu.edu,Male,749.15
833,Kev,O'Heyne,koheynen4@addtoany.com,,501.55
834,Alexi,Clemenson,aclemensonn5@reuters.com,,4.61
835,George,Volante,gvolanten6@ftc.gov,Male,521.28
836,Faber,Horbart,fhorbartn7@europa.eu,Male,648.73
837,Raimondo,McMurraya,rmcmurrayan8@house.gov,Male,712.15
838,Matthieu,Duddan,mduddann9@timesonline.co.uk,Agender,963.69
839,Klarrisa,Penhall,kpenhallna@comsenz.com,Female,967.86
840,Cobby,Duckels,cduckelsnb@smh.com.au,,58.01
841,Ingemar,Elsey,ielseync@ning.com,Agender,752.01
842,Carny,Cochrane,ccochranend@soundcloud.com,Male,728.79
843,Fraze,Messier,fmessierne@mayoclinic.com,Male,789.01
844,Berny,Medcalf,bmedcalfnf@prweb.com,Male,864.0
845,Merla,Campany,mcampanyng@hhs.gov,,508.39
846,Tyrus,Pallasch,tpallaschnh@about.me,Male,52.04
847,Quintina,Cannaway,qcannawayni@cloudflare.com,Female,621.78
848,Maurizio,Edling,medlingnj@smugmug.com,Male,720.54
849,Ellissa,Groombridge,egroombridgenk@php.net,,909.21
850,Moria,Sapwell,msapwellnl@cbc.ca,Female,702.86
851,Arnoldo,Stout,astoutnm@ning.com,Male,437.13
852,Lemar,Shearn,lshearnnn@newsvine.com,Male,478.68
853,Jewel,Daynter,jdaynterno@livejournal.com,,731.09
854,Vivi,Bunney,vbunneynp@icio.us,Female,345.33
855,,Ahrenius,pahreniusnq@soup.io,Female,394.39
856,Kinna,Pegden,kpegdennr@irs.gov,Female,73.97
857,Fanchette,Durtnell,fdurtnellns@bizjournals.com,,785.31
858,Fredia,Hearsey,fhearseynt@sbwire.com,Female,717.27
859,Melli,Tovey,mtoveynu@thetimes.co.uk,Female,307.35
860,Gideon,Rexworthy,grexworthynv@chron.com,Male,229.73
861,Gus,McKee,gmckeenw@a8.net,Female,98.55
862,Pietro,Melville,pmelvillenx@slashdot.org,,563.68
863,Merilee,Dy,mdyny@reddit.com,Female,761.16
864,,Huggon,jhuggonnz@hatena.ne.jp,Bigender,816.52
865,Lurline,Bowkley,lbowkleyo0@auda.org.au,Polygender,232.52
866,Christyna,Bourges,cbourgeso1@networksolutions.com,Female,173.89
867,Radcliffe,Giacovazzo,rgiacovazzoo2@marketwatch.com,Male,487.9
868,Shaylah,Pinckard,spinckardo3@prnewswire.com,Female,109.15
869,Gratiana,Blackleech,gblackleecho4@tinyurl.com,Bigender,979.32
870,Daffy,Summersby,dsummersbyo5@mozilla.org,Female,290.84
871,Helenka,Raynham,hraynhamo6@plala.or.jp,,453.46
872,Giff,Cormode,gcormodeo7@cpanel.net,Male,741.99
873,Linnet,Aitken,laitkeno8@narod.ru,Female,465.07
874,Roxie,Greenrodd,rgreenroddo9@typepad.com,,790.21
875,,Hirschmann,shirschmannoa@harvard.edu,Female,191.44
876,,Areles,barelesob@imdb.com,Female,755.67
877,,Hannis,ihannisoc@time.com,Male,916.29
878,Beryl,Nitto,bnittood@hhs.gov,Female,559.8
879,Matthaeus,Moen,mmoenoe@nationalgeographic.com,,968.29
880,Julieta,Danovich,jdanovichof@vk.com,Female,207.23
881,King,Sharpin,ksharpinog@skyrock.com,Male,501.9
882,Marmaduke,Bruntjen,mbruntjenoh@columbia.edu,Male,662.92
883,Elia,Hamlen,ehamlenoi@dmoz.org,Male,729.13
884,,Rintoul,srintouloj@bloglovin.com,Female,674.15
885,Dukie,Bellew,dbellewok@reuters.com,Male,803.52
886,Tammi,Stickells,tstickellsol@yellowbook.com,Female,449.45
887,Sherlocke,Eggers,seggersom@pinterest.com,Male,361.44
888,Lucilia,Thow,lthowon@cdc.gov,Female,138.34
889,Spencer,Philipot,sphilipotoo@ameblo.jp,Male,150.86
890,Trix,Maywood,tmaywoodop@house.gov,Female,227.27
891,Puff,Pinhorn,ppinhornoq@seesaa.net,Male,948.97
892,Constantine,Pimerick,cpimerickor@dagondesign.com,Genderfluid,492.47
893,Nickey,Ninotti,nninottios@wordpress.org,Male,428.78
894,,Haslum,nhaslumot@youtube.com,Female,325.7
895,Johannah,Norwell,jnorwellou@ucoz.ru,Female,113.0
896,Rutledge,Rhead,rrheadov@oaic.gov.au,Male,222.49
897,Leonard,Slack,lslackow@soundcloud.com,Male,637.96
898,Georgie,Wonter,gwonterox@craigslist.org,Male,80.28
899,Liam,Mellon,lmellonoy@wp.com,,160.69
900,Montague,Vannikov,mvannikovoz@huffingtonpost.com,Male,205.84
901,Essa,Labrone,elabronep0@cdc.gov,,254.41
902,Caril,Tipton,ctiptonp1@themeforest.net,Female,139.65
903,,Matfin,imatfinp2@cargocollective.com,Female,158.29
904,Pattin,Lapre,plaprep3@gnu.org,Male,832.75
905,Harmon,McKearnen,hmckearnenp4@google.cn,,165.22
906,Sibby,Whittlesee,swhittleseep5@upenn.edu,Female,929.02
907,Rubin,O'Mannion,romannionp6@163.com,Male,280.23
908,Reinald,Novacek,rnovacekp7@ca.gov,Male,821.59
909,Courtney,Simonnot,csimonnotp8@biblegateway.com,Female,11.41
910,Mallorie,Clarey,mclareyp9@so-net.ne.jp,Female,736.53
911,Rosetta,Tipperton,rtippertonpa@wufoo.com,Female,666.84
912,Kale,Davidowich,kdavidowichpb@census.gov,,851.33
913,Hyacinthia,Spirritt,hspirrittpc@wikipedia.org,Female,814.46
914,Winonah,Taylerson,wtaylersonpd@privacy.gov.au,Female,658.51
915,Alvina,Betterton,abettertonpe@nba.com,Female,38.9
916,Hollyanne,Chew,hchewpf@globo.com,Female,216.69
917,Lynna,Guynemer,lguynemerpg@163.com,Female,641.59
918,Mikol,Zavittieri,mzavittieriph@japanpost.jp,,481.28
919,Lee,Kirlin,lkirlinpi@4shared.com,Female,980.04
920,Florian,Checcuzzi,fcheccuzzipj@timesonline.co.uk,Male,318.08
921,Lurline,Brettelle,lbrettellepk@friendfeed.com,,235.65
922,Reiko,Hedney,rhedneypl@yahoo.co.jp,Polygender,151.26
923,Maxwell,Meneghi,mmeneghipm@nhs.uk,Male,793.75
924,Cherry,O' Gara,cogarapn@usgs.gov,Female,537.21
925,,Yitzhakov,syitzhakovpo@paginegialle.it,Female,759.39
926,Carlos,Venners,cvennerspp@patch.com,Male,699.11
927,,Chstney,lchstneypq@mozilla.com,Female,672.36
928,Jules,Duer,jduerpr@cyberchimps.com,Male,734.61
929,Orrin,Goodnow,ogoodnowps@nature.com,,48.79
930,Remus,Stiffkins,rstiffkinspt@angelfire.com,Male,137.2
931,Garik,M'Quhan,gmquhanpu@dion.ne.jp,Male,17.3
932,Isadora,Banbrigge,ibanbriggepv@simplemachines.org,Female,485.85
933,Celina,Boyson,cboysonpw@cam.ac.uk,Non-binary,861.28
934,Ly,Sikorski,lsikorskipx@ucoz.ru,Male,82.51
935,Filmer,Steuart,fsteuartpy@linkedin.com,Male,211.15
936,Barri,Bottrill,bbottrillpz@photobucket.com,,764.81
937,Winslow,Attenborough,wattenboroughq0@cnet.com,,194.07
938,Alano,Maund,amaundq1@mapy.cz,Male,768.67
939,Kata,Sponer,ksponerq2@phpbb.com,Female,307.81
940,,Ings,mingsq3@elegantthemes.com,Female,2.41
941,Madella,Adamec,madamecq4@time.com,Female,187.2
942,Myrah,Foxton,mfoxtonq5@house.gov,Female,224.75
943,Nani,Robertucci,nrobertucciq6@weather.com,Female,116.01
944,Gabie,Arnowicz,garnowiczq7@goodreads.com,Male,840.13
945,,McQuode,dmcquodeq8@hubpages.com,Female,836.48
946,Pet,Oglethorpe,poglethorpeq9@oracle.com,Female,387.22
947,,Maxworthy,rmaxworthyqa@nytimes.com,,558.75
948,Jon,Mallabon,jmallabonqb@blogspot.com,Male,135.2
949,Fulton,Aronow,faronowqc@nature.com,Male,953.48
950,Dorena,Guiel,dguielqd@usda.gov,,919.65
951,Aldo,Kyncl,akynclqe@shareasale.com,,440.02
952,Rea,Eyden,reydenqf@mac.com,Female,813.18
953,Trula,Rushworth,trushworthqg@ifeng.com,Female,165.57
954,Elmira,Shivell,eshivellqh@google.cn,Female,765.31
955,Bette-ann,Humbee,bhumbeeqi@weibo.com,Female,831.64
956,Lauritz,Verne,lverneqj@squidoo.com,Male,816.31
957,Eleanora,Gabe,egabeqk@sourceforge.net,Female,422.77
958,Dela,Hadcock,dhadcockql@theguardian.com,Non-binary,278.49
959,Lexis,Barensky,lbarenskyqm@hatena.ne.jp,Female,377.52
960,,Bryden,mbrydenqn@cornell.edu,Male,994.8
961,,Wingfield,mwingfieldqo@livejournal.com,Female,120.83
962,Vikki,Arrow,varrowqp@bandcamp.com,Female,252.56
963,Jermain,McAviy,jmcaviyqq@360.cn,Male,736.92
964,Corby,Atterley,catterleyqr@nsw.gov.au,Male,460.15
965,Nestor,Paullin,npaullinqs@addthis.com,Genderfluid,329.78
966,Felicia,MacAllester,fmacallesterqt@europa.eu,Female,501.85
967,Malchy,Grainge,mgraingequ@ox.ac.uk,Male,341.23
968,Wanids,Tott,wtottqv@pinterest.com,Female,687.42
969,Lita,McBeth,lmcbethqw@ebay.co.uk,Female,166.06
970,Johannah,Pawlaczyk,jpawlaczykqx@addthis.com,Female,282.23
971,Charlene,Moulding,cmouldingqy@imageshack.us,Female,268.21
972,Gwendolyn,Beranek,gberanekqz@mac.com,Female,395.09
973,Adelind,Marton,amartonr0@princeton.edu,Female,92.95
974,Maxwell,Newlove,mnewlover1@who.int,,959.94
975,Isiahi,Boxer,iboxerr2@mashable.com,,615.35
976,Manny,Pritchett,mpritchettr3@google.fr,Male,938.8
977,Guthrey,Galletly,ggalletlyr4@vistaprint.com,Male,306.22
978,Onfre,Filan,ofilanr5@psu.edu,Male,280.45
979,Reina,Gerretsen,rgerretsenr6@msn.com,Female,5.61
980,Budd,Edgcumbe,bedgcumber7@twitter.com,Male,173.23
981,Wileen,Nesbitt,wnesbittr8@tamu.edu,Female,316.31
982,Starlene,Morgans,smorgansr9@is.gd,Female,307.79
983,Kerstin,Chilcott,kchilcottra@jalbum.net,,121.35
984,Rosanne,Falconbridge,rfalconbridgerb@jimdo.com,Female,389.2
985,Lorianna,Nottle,lnottlerc@mapquest.com,Female,54.35
986,Michal,Brobak,mbrobakrd@phpbb.com,Male,695.37
987,Arne,Wardington,awardingtonre@youku.com,,558.65
988,Oralee,Meller,omellerrf@guardian.co.uk,Bigender,321.93
989,Jarred,Chyuerton,jchyuertonrg@google.de,Male,277.1
990,Norri,Marzella,nmarzellarh@illinois.edu,Female,469.21
991,Chaddie,Renbold,crenboldri@netvibes.com,Male,397.27
992,Silvester,Stearndale,sstearndalerj@desdev.cn,Male,130.83
993,Zackariah,Adrian,zadrianrk@yahoo.com,,304.59
994,,Arstall,parstallrl@intel.com,Male,353.54
995,Winni,Micka,wmickarm@zdnet.com,Female,629.4
996,Mirelle,Cosgry,mcosgryrn@symantec.com,,899.64
997,Maxy,Rawnsley,mrawnsleyro@reddit.com,Male,728.39
998,Dawn,Andras,dandrasrp@sakura.ne.jp,,196.76
999,Chick,Greenly,cgreenlyrq@google.nl,Male,225.08
1000,Delia,Mellodey,dmellodeyrr@netscape.com,Female,64.76
